case,A1,A2,A3,B1,B2,B3,C1,C2,C3,C4,C5,D1,rules_broken,alignment_fitness
purchase_requisition:0:pr_trigger_0,False,False,False,False,False,False,False,False,False,False,False,False,0,1.0
purchase_requisition:100:pr_trigger_100,False,False,False,False,False,False,False,False,False,False,True,False,1,0.9677
purchase_requisition:101:pr_trigger_101,False,False,False,False,False,False,False,False,False,False,False,False,0,1.0
purchase_requisition:102:pr_trigger_102,False,False,False,False,False,False,False,False,False,False,False,False,0,1.0
purchase_requisition:103:pr_trigger_103,False,False,False,False,False,False,False,False,False,False,False,False,0,1.0
purchase_requisition:104:pr_trigger_104,False,False,False,False,False,False,False,False,False,False,False,True,1,0.8824
purchase_requisition:105:pr_trigger_105,False,False,False,False,False,False,False,False,False,False,True,False,1,0.9677
purchase_requisition:106:pr_trigger_106,False,False,False,False,False,False,False,False,False,False,False,True,1,0.913
purchase_requisition:107:pr_trigger_107,False,False,False,False,False,False,False,False,False,False,True,False,1,0.9677
purchase_requisition:108:pr_trigger_108,True,False,False,False,False,False,False,False,False,False,True,False,2,0.8966
purchase_requisition:109:pr_trigger_109,False,False,False,False,False,False,False,False,False,False,False,False,0,1.0
purchase_requisition:10:pr_trigger_10,False,False,False,False,False,False,False,False,False,False,False,False,0,1.0
purchase_requisition:110:pr_trigger_110,False,False,False,False,False,False,False,False,False,False,True,False,1,0.9762
purchase_requisition:111:pr_trigger_111,False,False,False,False,False,False,False,False,False,False,False,False,0,1.0
purchase_requisition:112:pr_trigger_112,False,False,False,False,False,False,False,False,False,False,True,True,2,0.9565
purchase_requisition:113:pr_trigger_113,False,False,False,False,False,False,False,False,False,False,False,False,0,1.0
purchase_requisition:114:pr_trigger_114,False,False,False,False,False,False,False,False,False,False,False,False,0,1.0
purchase_requisition:115:pr_trigger_115,True,False,False,False,False,False,False,False,False,False,False,False,1,0.931
purchase_requisition:116:pr_trigger_116,False,False,False,False,False,False,False,False,False,False,False,True,1,0.963
purchase_requisition:117:pr_trigger_117,False,True,False,False,False,False,False,False,False,False,False,False,1,0.9048
purchase_requisition:118:pr_trigger_118,True,False,False,False,False,False,False,False,False,False,False,False,1,0.9167
purchase_requisition:119:pr_trigger_119,False,False,False,False,False,False,False,False,False,False,False,False,0,1.0
purchase_requisition:11:pr_trigger_11,True,False,False,False,False,False,False,False,False,False,True,True,3,0.84
purchase_requisition:120:pr_trigger_120,False,False,False,False,False,False,False,False,False,False,False,True,1,0.9375
purchase_requisition:121:pr_trigger_121,False,False,False,False,False,False,False,False,False,False,False,False,0,1.0
purchase_requisition:122:pr_trigger_122,False,False,False,False,False,False,False,False,False,False,False,False,0,1.0
purchase_requisition:123:pr_trigger_123,True,False,False,False,False,False,False,False,False,False,False,False,1,0.875
purchase_requisition:124:pr_trigger_124,False,False,False,False,False,False,False,False,False,False,True,False,1,0.9677
purchase_requisition:125:pr_trigger_125,False,False,False,False,False,False,False,False,False,False,False,False,0,1.0
purchase_requisition:126:pr_trigger_126,False,False,False,False,False,False,False,False,False,False,False,False,0,1.0
purchase_requisition:127:pr_trigger_127,True,False,False,False,False,False,False,False,False,False,False,False,1,0.875
purchase_requisition:128:pr_trigger_128,False,False,False,False,False,False,False,False,False,False,True,False,1,0.9545
purchase_requisition:129:pr_trigger_129,True,False,False,False,False,False,False,False,False,False,False,False,1,0.9
purchase_requisition:12:pr_trigger_12,False,False,False,False,False,False,False,False,False,False,False,False,0,1.0
purchase_requisition:130:pr_trigger_130,False,False,False,False,False,False,False,False,False,False,False,False,0,1.0
purchase_requisition:131:pr_trigger_131,True,False,False,False,False,False,False,False,False,False,False,False,1,0.8947
purchase_requisition:132:pr_trigger_132,False,False,False,False,False,False,False,False,False,False,False,False,0,1.0
purchase_requisition:133:pr_trigger_133,False,False,False,False,False,False,False,False,False,False,False,False,0,1.0
purchase_requisition:134:pr_trigger_134,False,False,False,False,False,False,False,False,False,False,False,False,0,1.0
purchase_requisition:135:pr_trigger_135,False,False,False,False,False,False,False,False,False,False,False,True,1,0.9677
purchase_requisition:136:pr_trigger_136,False,False,False,False,False,False,False,False,False,False,True,False,1,0.9762
purchase_requisition:137:pr_trigger_137,False,False,False,False,False,False,False,False,False,False,False,False,0,1.0
purchase_requisition:138:pr_trigger_138,False,False,False,False,False,False,False,False,False,False,False,True,1,0.963
purchase_requisition:139:pr_trigger_139,False,False,False,False,False,False,False,False,False,False,True,False,1,0.9762
purchase_requisition:13:pr_trigger_13,False,False,False,False,False,False,False,False,False,False,False,False,0,1.0
purchase_requisition:140:pr_trigger_140,False,False,False,False,False,False,False,False,False,False,False,False,0,1.0
purchase_requisition:141:pr_trigger_141,False,False,False,False,False,False,False,False,False,False,False,False,0,1.0
purchase_requisition:142:pr_trigger_142,True,False,False,False,False,False,False,False,False,False,False,False,1,0.8462
purchase_requisition:143:pr_trigger_143,False,False,False,False,False,False,False,False,False,False,False,False,0,1.0
purchase_requisition:144:pr_trigger_144,True,False,False,False,False,False,False,False,False,False,True,False,2,0.85
purchase_requisition:145:pr_trigger_145,False,False,False,False,False,False,False,False,False,False,False,False,0,1.0
purchase_requisition:146:pr_trigger_146,False,False,False,False,False,False,False,False,False,False,False,False,0,1.0
purchase_requisition:147:pr_trigger_147,False,False,False,False,False,False,False,False,False,False,True,True,2,0.9565
purchase_requisition:148:pr_trigger_148,False,False,False,False,False,False,False,False,False,False,True,False,1,0.9355
purchase_requisition:149:pr_trigger_149,False,False,False,False,False,False,False,False,False,False,True,False,1,0.9677
purchase_requisition:14:pr_trigger_14,False,False,False,False,False,False,False,False,False,False,True,False,1,0.9355
purchase_requisition:150:pr_trigger_150,False,False,False,False,False,False,False,False,False,False,True,True,2,0.9375
purchase_requisition:151:pr_trigger_151,True,False,False,False,False,False,False,False,False,False,False,False,1,0.8462
purchase_requisition:152:pr_trigger_152,False,False,False,False,False,False,False,False,False,False,False,False,0,1.0
purchase_requisition:153:pr_trigger_153,False,False,False,False,False,False,False,False,False,False,False,False,0,1.0
purchase_requisition:154:pr_trigger_154,False,True,False,False,False,False,False,False,False,False,False,False,1,0.8889
purchase_requisition:155:pr_trigger_155,True,False,False,False,False,False,False,False,False,False,False,False,1,0.875
purchase_requisition:156:pr_trigger_156,True,False,False,False,False,False,False,False,False,False,False,False,1,0.931
purchase_requisition:157:pr_trigger_157,False,False,False,False,False,False,False,False,False,False,False,False,0,1.0
purchase_requisition:158:pr_trigger_158,False,False,False,False,False,False,False,False,False,False,True,False,1,0.9091
purchase_requisition:159:pr_trigger_159,False,False,False,False,False,False,False,False,False,False,False,False,0,1.0
purchase_requisition:15:pr_trigger_15,True,False,False,False,False,False,False,False,False,False,False,True,2,0.7857
purchase_requisition:160:pr_trigger_160,False,False,False,False,False,False,False,False,False,False,True,False,1,0.9677
purchase_requisition:161:pr_trigger_161,False,False,False,False,False,False,False,False,False,False,True,False,1,0.9545
purchase_requisition:162:pr_trigger_162,False,False,False,False,False,False,False,False,False,False,False,True,1,0.9375
purchase_requisition:163:pr_trigger_163,False,False,False,False,False,False,False,False,False,False,False,False,0,1.0
purchase_requisition:164:pr_trigger_164,False,False,False,False,False,False,False,False,False,False,False,False,0,1.0
purchase_requisition:165:pr_trigger_165,False,True,False,False,False,False,False,False,False,False,False,False,1,0.8667
purchase_requisition:166:pr_trigger_166,False,False,False,False,False,False,False,False,False,False,False,True,1,0.9375
purchase_requisition:167:pr_trigger_167,False,False,False,False,False,False,False,False,False,False,True,False,1,0.9545
purchase_requisition:168:pr_trigger_168,False,False,False,False,False,False,False,False,False,False,False,True,1,0.8824
purchase_requisition:169:pr_trigger_169,False,False,False,False,False,False,False,False,False,False,False,False,0,1.0
purchase_requisition:16:pr_trigger_16,False,False,False,False,False,False,False,False,False,False,False,True,1,0.8333
purchase_requisition:170:pr_trigger_170,True,False,False,False,False,False,False,False,False,False,False,False,1,0.8462
purchase_requisition:171:pr_trigger_171,False,False,False,False,False,False,False,False,False,False,False,False,0,1.0
purchase_requisition:172:pr_trigger_172,False,False,False,False,False,False,False,False,False,False,False,False,0,1.0
purchase_requisition:173:pr_trigger_173,True,False,False,False,False,False,False,False,False,False,False,False,1,0.8462
purchase_requisition:174:pr_trigger_174,False,True,False,False,False,False,False,False,False,False,False,False,1,0.9091
purchase_requisition:175:pr_trigger_175,False,False,False,False,False,False,False,False,False,False,False,False,0,1.0
purchase_requisition:176:pr_trigger_176,False,True,False,False,False,False,False,False,False,False,False,False,1,0.8667
purchase_requisition:177:pr_trigger_177,False,False,False,False,False,False,False,False,False,False,False,False,0,1.0
purchase_requisition:178:pr_trigger_178,True,False,False,False,False,False,False,False,False,False,True,False,2,0.925
purchase_requisition:179:pr_trigger_179,True,False,False,False,False,False,False,False,False,False,False,False,1,0.8462
purchase_requisition:17:pr_trigger_17,False,False,False,False,False,False,False,False,False,False,False,False,0,1.0
purchase_requisition:180:pr_trigger_180,True,False,False,False,False,False,False,False,False,False,False,False,1,0.8462
purchase_requisition:181:pr_trigger_181,False,False,False,False,False,False,False,False,False,False,True,False,1,0.9444
purchase_requisition:182:pr_trigger_182,False,True,False,False,False,False,False,False,False,False,False,True,2,0.8421
purchase_requisition:183:pr_trigger_183,False,False,False,False,False,False,False,False,False,False,False,False,0,1.0
purchase_requisition:184:pr_trigger_184,False,False,False,False,False,False,False,False,False,False,False,False,0,1.0
purchase_requisition:185:pr_trigger_185,True,False,False,False,False,False,False,False,False,False,True,False,2,0.8966
purchase_requisition:186:pr_trigger_186,True,False,False,False,False,False,False,False,False,False,True,False,2,0.8621
purchase_requisition:187:pr_trigger_187,True,False,False,False,False,False,False,False,False,False,False,False,1,0.8462
purchase_requisition:188:pr_trigger_188,False,False,False,False,False,False,False,False,False,False,False,False,0,1.0
purchase_requisition:189:pr_trigger_189,False,False,False,False,False,False,False,False,False,False,False,False,0,1.0
purchase_requisition:18:pr_trigger_18,False,False,False,False,False,False,False,False,False,False,False,False,0,1.0
purchase_requisition:190:pr_trigger_190,False,False,False,False,False,False,False,False,False,False,False,False,0,1.0
purchase_requisition:191:pr_trigger_191,True,False,False,False,False,False,False,False,False,False,False,False,1,0.8462
purchase_requisition:192:pr_trigger_192,False,True,False,False,False,False,False,False,False,False,False,True,2,0.7647
purchase_requisition:193:pr_trigger_193,False,False,False,False,False,False,False,False,False,False,True,False,1,0.9677
purchase_requisition:194:pr_trigger_194,False,False,False,False,False,False,False,False,False,False,False,False,0,1.0
purchase_requisition:195:pr_trigger_195,False,True,False,False,False,False,False,False,False,False,False,False,1,0.9091
purchase_requisition:196:pr_trigger_196,False,False,False,False,False,False,False,False,False,False,True,False,1,0.9762
purchase_requisition:197:pr_trigger_197,False,True,False,False,False,False,False,False,False,False,False,False,1,0.8889
purchase_requisition:198:pr_trigger_198,False,False,False,False,False,False,False,False,False,False,False,False,0,1.0
purchase_requisition:199:pr_trigger_199,False,False,False,False,False,False,False,False,False,False,False,False,0,1.0
purchase_requisition:19:pr_trigger_19,False,False,False,False,False,False,False,False,False,False,True,False,1,0.9545
purchase_requisition:1:pr_trigger_1,False,True,False,False,False,False,False,False,False,False,False,True,2,0.7647
purchase_requisition:200:pr_trigger_200,False,False,False,False,False,False,False,False,False,False,False,False,0,1.0
purchase_requisition:201:pr_trigger_201,False,False,False,False,False,False,False,False,False,False,False,False,0,1.0
purchase_requisition:202:pr_trigger_202,False,False,False,False,False,False,False,False,False,False,False,False,0,1.0
purchase_requisition:203:pr_trigger_203,False,False,False,False,False,False,False,False,False,False,True,False,1,0.9615
purchase_requisition:204:pr_trigger_204,False,False,False,False,False,False,False,False,False,False,False,False,0,1.0
purchase_requisition:205:pr_trigger_205,False,False,False,False,False,False,False,False,False,False,False,False,0,1.0
purchase_requisition:206:pr_trigger_206,False,False,False,False,False,False,False,False,False,False,False,False,0,1.0
purchase_requisition:207:pr_trigger_207,False,True,False,False,False,False,False,False,False,False,False,True,2,0.7692
purchase_requisition:208:pr_trigger_208,False,False,False,False,False,False,False,False,False,False,True,False,1,0.9677
purchase_requisition:209:pr_trigger_209,False,True,False,False,False,False,False,False,False,False,False,False,1,0.8667
purchase_requisition:20:pr_trigger_20,False,False,False,False,False,False,False,False,False,False,False,True,1,0.9375
purchase_requisition:210:pr_trigger_210,False,False,False,False,False,False,False,False,False,False,False,False,0,1.0
purchase_requisition:211:pr_trigger_211,False,False,False,False,False,False,False,False,False,False,False,False,0,1.0
purchase_requisition:212:pr_trigger_212,False,False,False,False,False,False,False,False,False,False,False,False,0,1.0
purchase_requisition:213:pr_trigger_213,False,False,False,False,False,False,False,False,False,False,False,False,0,1.0
purchase_requisition:214:pr_trigger_214,False,False,False,False,False,False,False,False,False,False,False,False,0,1.0
purchase_requisition:215:pr_trigger_215,False,False,False,False,False,False,False,False,False,False,False,False,0,1.0
purchase_requisition:216:pr_trigger_216,False,True,False,False,False,False,False,False,False,False,False,False,1,0.8667
purchase_requisition:217:pr_trigger_217,True,False,False,False,False,False,False,False,False,False,True,True,3,0.84
purchase_requisition:218:pr_trigger_218,True,False,False,False,False,False,False,False,False,False,False,False,1,0.8462
purchase_requisition:219:pr_trigger_219,False,False,False,False,False,False,False,False,False,False,False,False,0,1.0
purchase_requisition:21:pr_trigger_21,False,False,False,False,False,False,False,False,False,False,False,False,0,1.0
purchase_requisition:220:pr_trigger_220,True,False,False,False,False,False,False,False,False,False,False,False,1,0.9
purchase_requisition:221:pr_trigger_221,False,True,False,False,False,False,False,False,False,False,False,False,1,0.8889
purchase_requisition:222:pr_trigger_222,True,False,False,False,False,False,False,False,False,False,False,True,2,0.8235
purchase_requisition:223:pr_trigger_223,False,False,False,False,False,False,False,False,False,False,False,True,1,0.9474
purchase_requisition:224:pr_trigger_224,False,False,False,False,False,False,False,False,False,False,False,False,0,1.0
purchase_requisition:225:pr_trigger_225,False,False,False,False,False,False,False,False,False,False,False,False,0,1.0
purchase_requisition:226:pr_trigger_226,False,False,False,False,False,False,False,False,False,False,False,False,0,1.0
purchase_requisition:227:pr_trigger_227,False,False,False,False,False,False,False,False,False,False,False,True,1,0.9375
purchase_requisition:228:pr_trigger_228,False,False,False,False,False,False,False,False,False,False,False,False,0,1.0
purchase_requisition:229:pr_trigger_229,False,False,False,False,False,False,False,False,False,False,False,False,0,1.0
purchase_requisition:22:pr_trigger_22,False,False,False,False,False,False,False,False,False,False,False,False,0,1.0
purchase_requisition:230:pr_trigger_230,False,False,False,False,False,False,False,False,False,False,False,True,1,0.9375
purchase_requisition:231:pr_trigger_231,False,True,False,False,False,False,False,False,False,False,False,False,1,0.9231
purchase_requisition:232:pr_trigger_232,False,False,False,False,False,False,False,False,False,False,True,False,1,0.9524
purchase_requisition:233:pr_trigger_233,False,False,False,False,False,False,False,False,False,False,False,False,0,1.0
purchase_requisition:234:pr_trigger_234,True,False,False,False,False,False,False,False,False,False,False,False,1,0.8462
purchase_requisition:235:pr_trigger_235,True,False,False,False,False,False,False,False,False,False,False,False,1,0.8462
purchase_requisition:236:pr_trigger_236,False,False,False,False,False,False,False,False,False,False,False,False,0,1.0
purchase_requisition:237:pr_trigger_237,False,False,False,False,False,False,False,False,False,False,False,False,0,1.0
purchase_requisition:238:pr_trigger_238,True,False,False,False,False,False,False,False,False,False,False,True,2,0.7857
purchase_requisition:239:pr_trigger_239,False,False,False,False,False,False,False,False,False,False,False,False,0,1.0
purchase_requisition:23:pr_trigger_23,False,False,False,False,False,False,False,False,False,False,False,False,0,1.0
purchase_requisition:240:pr_trigger_240,False,False,False,False,False,False,False,False,False,False,False,False,0,1.0
purchase_requisition:241:pr_trigger_241,False,False,False,False,False,False,False,False,False,False,True,False,1,0.9545
purchase_requisition:242:pr_trigger_242,False,False,False,False,False,False,False,False,False,False,False,False,0,1.0
purchase_requisition:243:pr_trigger_243,False,False,False,False,False,False,False,False,False,False,False,False,0,1.0
purchase_requisition:244:pr_trigger_244,False,False,False,False,False,False,False,False,False,False,False,False,0,1.0
purchase_requisition:245:pr_trigger_245,False,True,False,False,False,False,False,False,False,False,False,False,1,0.8667
purchase_requisition:246:pr_trigger_246,True,False,False,False,False,False,False,False,False,False,True,False,2,0.8966
purchase_requisition:247:pr_trigger_247,False,True,False,False,False,False,False,False,False,False,False,True,2,0.8421
purchase_requisition:248:pr_trigger_248,False,False,False,False,False,False,False,False,False,False,True,True,2,0.9375
purchase_requisition:249:pr_trigger_249,False,False,False,False,False,False,False,False,False,False,False,False,0,1.0
purchase_requisition:24:pr_trigger_24,False,False,False,False,False,False,False,False,False,False,False,False,0,1.0
purchase_requisition:250:pr_trigger_250,False,False,False,False,False,False,False,False,False,False,False,False,0,1.0
purchase_requisition:251:pr_trigger_251,True,False,False,False,False,False,False,False,False,False,False,False,1,0.875
purchase_requisition:252:pr_trigger_252,False,False,False,False,False,False,False,False,False,False,False,False,0,1.0
purchase_requisition:253:pr_trigger_253,False,False,False,False,False,False,False,False,False,False,False,False,0,1.0
purchase_requisition:254:pr_trigger_254,True,False,False,False,False,False,False,False,False,False,False,True,2,0.8571
purchase_requisition:255:pr_trigger_255,False,False,False,False,False,False,False,False,False,False,False,True,1,0.8824
purchase_requisition:256:pr_trigger_256,False,False,False,False,False,False,False,False,False,False,False,False,0,1.0
purchase_requisition:257:pr_trigger_257,False,True,False,False,False,False,False,False,False,False,True,False,2,0.871
purchase_requisition:258:pr_trigger_258,False,False,False,False,False,False,False,False,False,False,False,True,1,0.9474
purchase_requisition:259:pr_trigger_259,False,False,False,False,False,False,False,False,False,False,False,False,0,1.0
purchase_requisition:25:pr_trigger_25,True,False,False,False,False,False,False,False,False,False,False,False,1,0.931
purchase_requisition:260:pr_trigger_260,False,False,False,False,False,False,False,False,False,False,False,False,0,1.0
purchase_requisition:261:pr_trigger_261,False,False,False,False,False,False,False,False,False,False,False,False,0,1.0
purchase_requisition:262:pr_trigger_262,False,False,False,False,False,False,False,False,False,False,False,True,1,0.9688
purchase_requisition:263:pr_trigger_263,False,False,False,False,False,False,False,False,False,False,True,False,1,0.9677
purchase_requisition:264:pr_trigger_264,False,False,False,False,False,False,False,False,False,False,False,False,0,1.0
purchase_requisition:265:pr_trigger_265,False,False,False,False,False,False,False,False,False,False,False,False,0,1.0
purchase_requisition:266:pr_trigger_266,True,False,False,False,False,False,False,False,False,False,False,False,1,0.875
purchase_requisition:267:pr_trigger_267,True,False,False,False,False,False,False,False,False,False,True,False,2,0.8621
purchase_requisition:268:pr_trigger_268,False,False,False,False,False,False,False,False,False,False,True,True,2,0.9535
purchase_requisition:269:pr_trigger_269,False,False,False,False,False,False,False,False,False,False,False,False,0,1.0
purchase_requisition:26:pr_trigger_26,False,False,False,False,False,False,False,False,False,False,False,False,0,1.0
purchase_requisition:270:pr_trigger_270,False,False,False,False,False,False,False,False,False,False,False,False,0,1.0
purchase_requisition:271:pr_trigger_271,False,False,False,False,False,False,False,False,False,False,False,False,0,1.0
purchase_requisition:272:pr_trigger_272,False,False,False,False,False,False,False,False,False,False,False,False,0,1.0
purchase_requisition:273:pr_trigger_273,True,False,False,False,False,False,False,False,False,False,True,False,2,0.8966
purchase_requisition:274:pr_trigger_274,False,False,False,False,False,False,False,False,False,False,False,False,0,1.0
purchase_requisition:275:pr_trigger_275,False,False,False,False,False,False,False,False,False,False,True,False,1,0.9355
purchase_requisition:276:pr_trigger_276,False,True,False,False,False,False,False,False,False,False,False,False,1,0.8889
purchase_requisition:277:pr_trigger_277,False,False,False,False,False,False,False,False,False,False,False,True,1,0.9375
purchase_requisition:278:pr_trigger_278,True,False,False,False,False,False,False,False,False,False,False,False,1,0.8462
purchase_requisition:279:pr_trigger_279,True,False,False,False,False,False,False,False,False,False,False,False,1,0.9
purchase_requisition:27:pr_trigger_27,False,False,False,False,False,False,False,False,False,False,False,False,0,1.0
purchase_requisition:280:pr_trigger_280,True,False,False,False,False,False,False,False,False,False,False,False,1,0.875
purchase_requisition:281:pr_trigger_281,False,False,False,False,False,False,False,False,False,False,False,False,0,1.0
purchase_requisition:282:pr_trigger_282,False,True,False,False,False,False,False,False,False,False,False,False,1,0.9091
purchase_requisition:283:pr_trigger_283,False,False,False,False,False,False,False,False,False,False,False,True,1,0.9375
purchase_requisition:284:pr_trigger_284,True,False,False,False,False,False,False,False,False,False,False,False,1,0.8947
purchase_requisition:285:pr_trigger_285,False,False,False,False,False,False,False,False,False,False,False,True,1,0.96
purchase_requisition:286:pr_trigger_286,False,False,False,False,False,False,False,False,False,False,False,False,0,1.0
purchase_requisition:287:pr_trigger_287,False,False,False,False,False,False,False,False,False,False,False,False,0,1.0
purchase_requisition:288:pr_trigger_288,False,False,False,False,False,False,False,False,False,False,True,False,1,0.9615
purchase_requisition:289:pr_trigger_289,False,False,False,False,False,False,False,False,False,False,True,True,2,0.9688
purchase_requisition:28:pr_trigger_28,False,False,False,False,False,False,False,False,False,False,False,False,0,1.0
purchase_requisition:290:pr_trigger_290,True,False,False,False,False,False,False,False,False,False,False,False,1,0.931
purchase_requisition:291:pr_trigger_291,False,True,False,False,False,False,False,False,False,False,False,False,1,0.9091
purchase_requisition:292:pr_trigger_292,False,False,False,False,False,False,False,False,False,False,False,False,0,1.0
purchase_requisition:293:pr_trigger_293,False,False,False,False,False,False,False,False,False,False,False,False,0,1.0
purchase_requisition:294:pr_trigger_294,True,False,False,False,False,False,False,False,False,False,False,False,1,0.8462
purchase_requisition:295:pr_trigger_295,False,False,False,False,False,False,False,False,False,False,False,False,0,1.0
purchase_requisition:296:pr_trigger_296,False,False,False,False,False,False,False,False,False,False,True,True,2,0.963
purchase_requisition:297:pr_trigger_297,True,False,False,False,False,False,False,False,False,False,False,False,1,0.8462
purchase_requisition:298:pr_trigger_298,False,False,False,False,False,False,False,False,False,False,False,False,0,1.0
purchase_requisition:299:pr_trigger_299,False,True,False,False,False,False,False,False,False,False,True,False,2,0.871
purchase_requisition:29:pr_trigger_29,False,False,False,False,False,False,False,False,False,False,False,False,0,1.0
purchase_requisition:2:pr_trigger_2,False,False,False,False,False,False,False,False,False,False,False,False,0,1.0
purchase_requisition:300:pr_trigger_300,True,False,False,False,False,False,False,False,False,False,False,False,1,0.875
purchase_requisition:301:pr_trigger_301,False,False,False,False,False,False,False,False,False,False,False,False,0,1.0
purchase_requisition:302:pr_trigger_302,False,False,False,False,False,False,False,False,False,False,False,False,0,1.0
purchase_requisition:303:pr_trigger_303,True,False,False,False,False,False,False,False,False,False,False,False,1,0.9
purchase_requisition:304:pr_trigger_304,False,False,False,False,False,False,False,False,False,False,False,True,1,0.9375
purchase_requisition:305:pr_trigger_305,False,True,False,False,False,False,False,False,False,False,True,False,2,0.9048
purchase_requisition:306:pr_trigger_306,True,False,False,False,False,False,False,False,False,False,False,True,2,0.88
purchase_requisition:307:pr_trigger_307,False,False,False,False,False,False,False,False,False,False,False,False,0,1.0
purchase_requisition:308:pr_trigger_308,False,False,False,False,False,False,False,False,False,False,False,True,1,0.9375
purchase_requisition:309:pr_trigger_309,False,False,False,False,False,False,False,False,False,False,False,False,0,1.0
purchase_requisition:30:pr_trigger_30,False,False,False,False,False,False,False,False,False,False,False,False,0,1.0
purchase_requisition:310:pr_trigger_310,False,False,False,False,False,False,False,False,False,False,False,False,0,1.0
purchase_requisition:311:pr_trigger_311,False,False,False,False,False,False,False,False,False,False,False,True,1,0.9474
purchase_requisition:312:pr_trigger_312,False,False,False,False,False,False,False,False,False,False,False,False,0,1.0
purchase_requisition:313:pr_trigger_313,False,False,False,False,False,False,False,False,False,False,False,False,0,1.0
purchase_requisition:314:pr_trigger_314,True,False,False,False,False,False,False,False,False,False,False,False,1,0.8462
purchase_requisition:315:pr_trigger_315,False,False,False,False,False,False,False,False,False,False,False,True,1,0.9231
purchase_requisition:316:pr_trigger_316,False,False,False,False,False,False,False,False,False,False,False,True,1,0.8824
purchase_requisition:317:pr_trigger_317,False,False,False,False,False,False,False,False,False,False,True,False,1,0.9333
purchase_requisition:318:pr_trigger_318,False,False,False,False,False,False,False,False,False,False,True,False,1,0.9762
purchase_requisition:319:pr_trigger_319,True,False,False,False,False,False,False,False,False,False,False,False,1,0.8462
purchase_requisition:31:pr_trigger_31,False,False,False,False,False,False,False,False,False,False,False,False,0,1.0
purchase_requisition:320:pr_trigger_320,False,True,False,False,False,False,False,False,False,False,False,False,1,0.9048
purchase_requisition:321:pr_trigger_321,False,True,False,False,False,False,False,False,False,False,False,False,1,0.8667
purchase_requisition:322:pr_trigger_322,False,True,False,False,False,False,False,False,False,False,False,False,1,0.9048
purchase_requisition:323:pr_trigger_323,True,False,False,False,False,False,False,False,False,False,False,False,1,0.8462
purchase_requisition:324:pr_trigger_324,False,True,False,False,False,False,False,False,False,False,True,False,2,0.8636
purchase_requisition:325:pr_trigger_325,False,False,False,False,False,False,False,False,False,False,False,False,0,1.0
purchase_requisition:326:pr_trigger_326,False,False,False,False,False,False,False,False,False,False,False,False,0,1.0
purchase_requisition:327:pr_trigger_327,False,False,False,False,False,False,False,False,False,False,False,False,0,1.0
purchase_requisition:328:pr_trigger_328,False,False,False,False,False,False,False,False,False,False,False,True,1,0.9375
purchase_requisition:329:pr_trigger_329,True,False,False,False,False,False,False,False,False,False,False,False,1,0.8462
purchase_requisition:32:pr_trigger_32,False,False,False,False,False,False,False,False,False,False,False,True,1,0.9474
purchase_requisition:330:pr_trigger_330,True,False,False,False,False,False,False,False,False,False,False,True,2,0.6875
purchase_requisition:331:pr_trigger_331,True,False,False,False,False,False,False,False,False,False,False,False,1,0.9167
purchase_requisition:332:pr_trigger_332,False,False,False,False,False,False,False,False,False,False,False,False,0,1.0
purchase_requisition:333:pr_trigger_333,True,False,False,False,False,False,False,False,False,False,False,False,1,0.9
purchase_requisition:334:pr_trigger_334,True,False,False,False,False,False,False,False,False,False,False,False,1,0.931
purchase_requisition:335:pr_trigger_335,True,False,False,False,False,False,False,False,False,False,False,False,1,0.8462
purchase_requisition:336:pr_trigger_336,False,False,False,False,False,False,False,False,False,False,False,False,0,1.0
purchase_requisition:337:pr_trigger_337,False,False,False,False,False,False,False,False,False,False,False,False,0,1.0
purchase_requisition:338:pr_trigger_338,True,False,False,False,False,False,False,False,False,False,False,True,2,0.88
purchase_requisition:339:pr_trigger_339,False,False,False,False,False,False,False,False,False,False,False,False,0,1.0
purchase_requisition:33:pr_trigger_33,False,False,False,False,False,False,False,False,False,False,False,False,0,1.0
purchase_requisition:340:pr_trigger_340,False,False,False,False,False,False,False,False,False,False,False,False,0,1.0
purchase_requisition:341:pr_trigger_341,True,False,False,False,False,False,False,False,False,False,False,False,1,0.9
purchase_requisition:342:pr_trigger_342,False,False,False,False,False,False,False,False,False,False,True,False,1,0.9524
purchase_requisition:343:pr_trigger_343,False,False,False,False,False,False,False,False,False,False,False,True,1,0.9167
purchase_requisition:344:pr_trigger_344,False,False,False,False,False,False,False,False,False,False,False,True,1,0.963
purchase_requisition:345:pr_trigger_345,False,False,False,False,False,False,False,False,False,False,False,True,1,0.9375
purchase_requisition:346:pr_trigger_346,False,False,False,False,False,False,False,False,False,False,False,False,0,1.0
purchase_requisition:347:pr_trigger_347,False,False,False,False,False,False,False,False,False,False,False,False,0,1.0
purchase_requisition:348:pr_trigger_348,True,False,False,False,False,False,False,False,False,False,True,False,2,0.85
purchase_requisition:349:pr_trigger_349,True,False,False,False,False,False,False,False,False,False,False,False,1,0.8462
purchase_requisition:34:pr_trigger_34,False,False,False,False,False,False,False,False,False,False,False,True,1,0.9474
purchase_requisition:350:pr_trigger_350,False,False,False,False,False,False,False,False,False,False,False,True,1,0.9375
purchase_requisition:351:pr_trigger_351,False,True,False,False,False,False,False,False,False,False,False,False,1,0.9524
purchase_requisition:352:pr_trigger_352,False,True,False,False,False,False,False,False,False,False,False,False,1,0.9091
purchase_requisition:353:pr_trigger_353,False,True,False,False,False,False,False,False,False,False,False,False,1,0.9231
purchase_requisition:354:pr_trigger_354,False,True,False,False,False,False,False,False,False,False,True,False,2,0.9048
purchase_requisition:355:pr_trigger_355,True,False,False,False,False,False,False,False,False,False,False,False,1,0.875
purchase_requisition:356:pr_trigger_356,False,True,False,False,False,False,False,False,False,False,False,False,1,0.8667
purchase_requisition:357:pr_trigger_357,False,True,False,False,False,False,False,False,False,False,False,False,1,0.9048
purchase_requisition:358:pr_trigger_358,False,False,False,False,False,False,False,False,False,False,False,True,1,0.9545
purchase_requisition:359:pr_trigger_359,False,False,False,False,False,False,False,False,False,False,False,False,0,1.0
purchase_requisition:35:pr_trigger_35,False,False,False,False,False,False,False,False,False,False,False,False,0,1.0
purchase_requisition:360:pr_trigger_360,True,False,False,False,False,False,False,False,False,False,False,False,1,0.8462
purchase_requisition:361:pr_trigger_361,False,False,False,False,False,False,False,False,False,False,False,True,1,0.9394
purchase_requisition:362:pr_trigger_362,True,False,False,False,False,False,False,False,False,False,True,False,2,0.8621
purchase_requisition:363:pr_trigger_363,False,False,False,False,False,False,False,False,False,False,False,False,0,1.0
purchase_requisition:364:pr_trigger_364,False,False,False,False,False,False,False,False,False,False,False,False,0,1.0
purchase_requisition:365:pr_trigger_365,False,False,False,False,False,False,False,False,False,False,False,False,0,1.0
purchase_requisition:366:pr_trigger_366,False,False,False,False,False,False,False,False,False,False,False,False,0,1.0
purchase_requisition:367:pr_trigger_367,False,False,False,False,False,False,False,False,False,False,False,False,0,1.0
purchase_requisition:368:pr_trigger_368,False,False,False,False,False,False,False,False,False,False,False,True,1,0.9375
purchase_requisition:369:pr_trigger_369,False,False,False,False,False,False,False,False,False,False,True,True,2,0.963
purchase_requisition:36:pr_trigger_36,False,True,False,False,False,False,False,False,False,False,True,True,3,0.8571
purchase_requisition:370:pr_trigger_370,False,True,False,False,False,False,False,False,False,False,False,True,2,0.8889
purchase_requisition:371:pr_trigger_371,False,False,False,False,False,False,False,False,False,False,False,False,0,1.0
purchase_requisition:372:pr_trigger_372,False,False,False,False,False,False,False,False,False,False,False,False,0,1.0
purchase_requisition:373:pr_trigger_373,False,False,False,False,False,False,False,False,False,False,False,False,0,1.0
purchase_requisition:374:pr_trigger_374,False,False,False,False,False,False,False,False,False,False,True,False,1,0.9545
purchase_requisition:375:pr_trigger_375,False,False,False,False,False,False,False,False,False,False,True,False,1,0.9762
purchase_requisition:376:pr_trigger_376,False,False,False,False,False,False,False,False,False,False,False,True,1,0.9565
purchase_requisition:377:pr_trigger_377,False,True,False,False,False,False,False,False,False,False,False,True,2,0.8421
purchase_requisition:378:pr_trigger_378,False,False,False,False,False,False,False,False,False,False,False,False,0,1.0
purchase_requisition:379:pr_trigger_379,False,False,False,False,False,False,False,False,False,False,True,False,1,0.9615
purchase_requisition:37:pr_trigger_37,False,True,False,False,False,False,False,False,False,False,False,False,1,0.9091
purchase_requisition:380:pr_trigger_380,False,False,False,False,False,False,False,False,False,False,False,False,0,1.0
purchase_requisition:381:pr_trigger_381,False,True,False,False,False,False,False,False,False,False,True,False,2,0.871
purchase_requisition:382:pr_trigger_382,False,False,False,False,False,False,False,False,False,False,True,False,1,0.9444
purchase_requisition:383:pr_trigger_383,False,True,False,False,False,False,False,False,False,False,False,False,1,0.8667
purchase_requisition:384:pr_trigger_384,False,False,False,False,False,False,False,False,False,False,False,False,0,1.0
purchase_requisition:385:pr_trigger_385,False,True,False,False,False,False,False,False,False,False,False,False,1,0.8667
purchase_requisition:386:pr_trigger_386,False,False,False,False,False,False,False,False,False,False,False,False,0,1.0
purchase_requisition:387:pr_trigger_387,False,False,False,False,False,False,False,False,False,False,False,False,0,1.0
purchase_requisition:388:pr_trigger_388,False,False,False,False,False,False,False,False,False,False,False,False,0,1.0
purchase_requisition:389:pr_trigger_389,True,False,False,False,False,False,False,False,False,False,False,False,1,0.9167
purchase_requisition:38:pr_trigger_38,False,False,False,False,False,False,False,False,False,False,False,True,1,0.9375
purchase_requisition:390:pr_trigger_390,False,True,False,False,False,False,False,False,False,False,False,False,1,0.8889
purchase_requisition:391:pr_trigger_391,True,False,False,False,False,False,False,False,False,False,False,False,1,0.9
purchase_requisition:392:pr_trigger_392,False,False,False,False,False,False,False,False,False,False,False,False,0,1.0
purchase_requisition:393:pr_trigger_393,True,False,False,False,False,False,False,False,False,False,True,True,3,0.8182
purchase_requisition:394:pr_trigger_394,False,True,False,False,False,False,False,False,False,False,False,False,1,0.8889
purchase_requisition:395:pr_trigger_395,True,False,False,False,False,False,False,False,False,False,False,False,1,0.8462
purchase_requisition:396:pr_trigger_396,False,False,False,False,False,False,False,False,False,False,False,False,0,1.0
purchase_requisition:397:pr_trigger_397,False,True,False,False,False,False,False,False,False,False,True,True,3,0.8261
purchase_requisition:398:pr_trigger_398,False,False,False,False,False,False,False,False,False,False,False,True,1,0.9
purchase_requisition:399:pr_trigger_399,True,False,False,False,False,False,False,False,False,False,False,False,1,0.931
purchase_requisition:39:pr_trigger_39,False,False,False,False,False,False,False,False,False,False,False,False,0,1.0
purchase_requisition:3:pr_trigger_3,False,True,False,False,False,False,False,False,False,False,True,False,2,0.8636
purchase_requisition:400:pr_trigger_400,False,False,False,False,False,False,False,False,False,False,False,True,1,0.9565
purchase_requisition:401:pr_trigger_401,False,False,False,False,False,False,False,False,False,False,False,False,0,1.0
purchase_requisition:402:pr_trigger_402,False,True,False,False,False,False,False,False,False,False,False,False,1,0.8889
purchase_requisition:403:pr_trigger_403,False,True,False,False,False,False,False,False,False,False,True,False,2,0.8846
purchase_requisition:404:pr_trigger_404,False,False,False,False,False,False,False,False,False,False,False,False,0,1.0
purchase_requisition:405:pr_trigger_405,True,False,False,False,False,False,False,False,False,False,False,False,1,0.8947
purchase_requisition:406:pr_trigger_406,True,False,False,False,False,False,False,False,False,False,False,False,1,0.9167
purchase_requisition:407:pr_trigger_407,False,False,False,False,False,False,False,False,False,False,False,False,0,1.0
purchase_requisition:408:pr_trigger_408,False,False,False,False,False,False,False,False,False,False,False,False,0,1.0
purchase_requisition:409:pr_trigger_409,False,False,False,False,False,False,False,False,False,False,False,True,1,0.9767
purchase_requisition:40:pr_trigger_40,False,False,False,False,False,False,False,False,False,False,False,True,1,0.9565
purchase_requisition:410:pr_trigger_410,False,True,False,False,False,False,False,False,False,False,False,False,1,0.8667
purchase_requisition:411:pr_trigger_411,False,True,False,False,False,False,False,False,False,False,False,False,1,0.8667
purchase_requisition:412:pr_trigger_412,False,False,False,False,False,False,False,False,False,False,False,True,1,0.9375
purchase_requisition:413:pr_trigger_413,False,False,False,False,False,False,False,False,False,False,False,False,0,1.0
purchase_requisition:414:pr_trigger_414,False,False,False,False,False,False,False,False,False,False,False,False,0,1.0
purchase_requisition:415:pr_trigger_415,False,False,False,False,False,False,False,False,False,False,False,True,1,0.9375
purchase_requisition:416:pr_trigger_416,True,False,False,False,False,False,False,False,False,False,False,False,1,0.9286
purchase_requisition:417:pr_trigger_417,False,False,False,False,False,False,False,False,False,False,False,False,0,1.0
purchase_requisition:418:pr_trigger_418,False,True,False,False,False,False,False,False,False,False,False,True,2,0.8421
purchase_requisition:419:pr_trigger_419,False,True,False,False,False,False,False,False,False,False,False,False,1,0.9091
purchase_requisition:41:pr_trigger_41,True,False,False,False,False,False,False,False,False,False,False,False,1,0.8462
purchase_requisition:420:pr_trigger_420,False,False,False,False,False,False,False,False,False,False,False,False,0,1.0
purchase_requisition:421:pr_trigger_421,False,False,False,False,False,False,False,False,False,False,False,False,0,1.0
purchase_requisition:422:pr_trigger_422,False,False,False,False,False,False,False,False,False,False,False,False,0,1.0
purchase_requisition:423:pr_trigger_423,False,False,False,False,False,False,False,False,False,False,False,False,0,1.0
purchase_requisition:424:pr_trigger_424,False,False,False,False,False,False,False,False,False,False,False,False,0,1.0
purchase_requisition:425:pr_trigger_425,False,False,False,False,False,False,False,False,False,False,False,True,1,0.8824
purchase_requisition:426:pr_trigger_426,False,False,False,False,False,False,False,False,False,False,False,False,0,1.0
purchase_requisition:427:pr_trigger_427,True,False,False,False,False,False,False,False,False,False,False,False,1,0.9
purchase_requisition:428:pr_trigger_428,False,False,False,False,False,False,False,False,False,False,False,False,0,1.0
purchase_requisition:429:pr_trigger_429,False,False,False,False,False,False,False,False,False,False,True,False,1,0.9762
purchase_requisition:42:pr_trigger_42,False,False,False,False,False,False,False,False,False,False,False,False,0,1.0
purchase_requisition:430:pr_trigger_430,False,False,False,False,False,False,False,False,False,False,False,True,1,0.9375
purchase_requisition:431:pr_trigger_431,False,True,False,False,False,False,False,False,False,False,False,False,1,0.8667
purchase_requisition:432:pr_trigger_432,False,False,False,False,False,False,False,False,False,False,False,False,0,1.0
purchase_requisition:433:pr_trigger_433,False,False,False,False,False,False,False,False,False,False,True,False,1,0.9545
purchase_requisition:434:pr_trigger_434,False,False,False,False,False,False,False,False,False,False,False,False,0,1.0
purchase_requisition:435:pr_trigger_435,True,False,False,False,False,False,False,False,False,False,False,False,1,0.9
purchase_requisition:436:pr_trigger_436,False,False,False,False,False,False,False,False,False,False,False,True,1,0.9474
purchase_requisition:437:pr_trigger_437,False,False,False,False,False,False,False,False,False,False,False,False,0,1.0
purchase_requisition:438:pr_trigger_438,True,False,False,False,False,False,False,False,False,False,False,False,1,0.9
purchase_requisition:439:pr_trigger_439,True,False,False,False,False,False,False,False,False,False,False,False,1,0.9
purchase_requisition:43:pr_trigger_43,False,True,False,False,False,False,False,False,False,False,True,False,2,0.871
purchase_requisition:440:pr_trigger_440,False,False,False,False,False,False,False,False,False,False,False,False,0,1.0
purchase_requisition:441:pr_trigger_441,False,False,False,False,False,False,False,False,False,False,False,False,0,1.0
purchase_requisition:442:pr_trigger_442,False,False,False,False,False,False,False,False,False,False,False,False,0,1.0
purchase_requisition:443:pr_trigger_443,False,False,False,False,False,False,False,False,False,False,False,False,0,1.0
purchase_requisition:444:pr_trigger_444,False,True,False,False,False,False,False,False,False,False,False,False,1,0.8667
purchase_requisition:445:pr_trigger_445,True,False,False,False,False,False,False,False,False,False,False,False,1,0.8462
purchase_requisition:446:pr_trigger_446,False,False,False,False,False,False,False,False,False,False,False,False,0,1.0
purchase_requisition:447:pr_trigger_447,True,False,False,False,False,False,False,False,False,False,False,False,1,0.8462
purchase_requisition:448:pr_trigger_448,False,False,False,False,False,False,False,False,False,False,False,False,0,1.0
purchase_requisition:449:pr_trigger_449,False,False,False,False,False,False,False,False,False,False,False,False,0,1.0
purchase_requisition:44:pr_trigger_44,True,False,False,False,False,False,False,False,False,False,False,False,1,0.8462
purchase_requisition:450:pr_trigger_450,False,False,False,False,False,False,False,False,False,False,False,False,0,1.0
purchase_requisition:451:pr_trigger_451,False,False,False,False,False,False,False,False,False,False,False,False,0,1.0
purchase_requisition:452:pr_trigger_452,False,False,False,False,False,False,False,False,False,False,False,False,0,1.0
purchase_requisition:453:pr_trigger_453,False,True,False,False,False,False,False,False,False,False,False,False,1,0.9091
purchase_requisition:454:pr_trigger_454,False,False,False,False,False,False,False,False,False,False,False,False,0,1.0
purchase_requisition:455:pr_trigger_455,False,True,False,False,False,False,False,False,False,False,True,False,2,0.8889
purchase_requisition:456:pr_trigger_456,False,False,False,False,False,False,False,False,False,False,False,False,0,1.0
purchase_requisition:457:pr_trigger_457,True,False,False,False,False,False,False,False,False,False,False,False,1,0.95
purchase_requisition:458:pr_trigger_458,True,False,False,False,False,False,False,False,False,False,False,False,1,0.8462
purchase_requisition:459:pr_trigger_459,True,False,False,False,False,False,False,False,False,False,False,False,1,0.9
purchase_requisition:45:pr_trigger_45,False,False,False,False,False,False,False,False,False,False,False,True,1,0.9474
purchase_requisition:460:pr_trigger_460,True,False,False,False,False,False,False,False,False,False,False,False,1,0.9
purchase_requisition:461:pr_trigger_461,False,False,False,False,False,False,False,False,False,False,False,False,0,1.0
purchase_requisition:462:pr_trigger_462,True,False,False,False,False,False,False,False,False,False,False,False,1,0.9
purchase_requisition:463:pr_trigger_463,False,True,False,False,False,False,False,False,False,False,False,False,1,0.8667
purchase_requisition:464:pr_trigger_464,True,False,False,False,False,False,False,False,False,False,False,False,1,0.931
purchase_requisition:465:pr_trigger_465,False,False,False,False,False,False,False,False,False,False,False,True,1,0.9474
purchase_requisition:466:pr_trigger_466,False,False,False,False,False,False,False,False,False,False,False,False,0,1.0
purchase_requisition:467:pr_trigger_467,False,False,False,False,False,False,False,False,False,False,False,False,0,1.0
purchase_requisition:468:pr_trigger_468,True,False,False,False,False,False,False,False,False,False,True,True,3,0.88
purchase_requisition:469:pr_trigger_469,False,False,False,False,False,False,False,False,False,False,False,False,0,1.0
purchase_requisition:46:pr_trigger_46,False,True,False,False,False,False,False,False,False,False,False,False,1,0.8889
purchase_requisition:470:pr_trigger_470,False,False,False,False,False,False,False,False,False,False,False,False,0,1.0
purchase_requisition:471:pr_trigger_471,False,False,False,False,False,False,False,False,False,False,False,False,0,1.0
purchase_requisition:472:pr_trigger_472,False,False,False,False,False,False,False,False,False,False,False,False,0,1.0
purchase_requisition:473:pr_trigger_473,False,False,False,False,False,False,False,False,False,False,True,False,1,0.9231
purchase_requisition:474:pr_trigger_474,True,False,False,False,False,False,False,False,False,False,False,False,1,0.875
purchase_requisition:475:pr_trigger_475,False,False,False,False,False,False,False,False,False,False,False,False,0,1.0
purchase_requisition:476:pr_trigger_476,False,False,False,False,False,False,False,False,False,False,True,False,1,0.9545
purchase_requisition:477:pr_trigger_477,True,False,False,False,False,False,False,False,False,False,True,False,2,0.85
purchase_requisition:478:pr_trigger_478,False,False,False,False,False,False,False,False,False,False,False,True,1,0.9474
purchase_requisition:479:pr_trigger_479,False,True,False,False,False,False,False,False,False,False,True,False,2,0.8462
purchase_requisition:47:pr_trigger_47,False,False,False,False,False,False,False,False,False,False,True,True,2,0.88
purchase_requisition:480:pr_trigger_480,False,False,False,False,False,False,False,False,False,False,False,False,0,1.0
purchase_requisition:481:pr_trigger_481,False,True,False,False,False,False,False,False,False,False,False,False,1,0.8667
purchase_requisition:482:pr_trigger_482,False,False,False,False,False,False,False,False,False,False,False,True,1,0.9
purchase_requisition:483:pr_trigger_483,False,False,False,False,False,False,False,False,False,False,True,False,1,0.9545
purchase_requisition:484:pr_trigger_484,False,False,False,False,False,False,False,False,False,False,True,False,1,0.9762
purchase_requisition:485:pr_trigger_485,False,False,False,False,False,False,False,False,False,False,False,False,0,1.0
purchase_requisition:486:pr_trigger_486,False,False,False,False,False,False,False,False,False,False,False,False,0,1.0
purchase_requisition:487:pr_trigger_487,False,False,False,False,False,False,False,False,False,False,False,False,0,1.0
purchase_requisition:488:pr_trigger_488,False,False,False,False,False,False,False,False,False,False,False,True,1,0.9474
purchase_requisition:489:pr_trigger_489,True,False,False,False,False,False,False,False,False,False,False,False,1,0.875
purchase_requisition:48:pr_trigger_48,False,False,False,False,False,False,False,False,False,False,True,False,1,0.9545
purchase_requisition:490:pr_trigger_490,False,False,False,False,False,False,False,False,False,False,False,True,1,0.9688
purchase_requisition:491:pr_trigger_491,False,False,False,False,False,False,False,False,False,False,False,True,1,0.8824
purchase_requisition:492:pr_trigger_492,False,False,False,False,False,False,False,False,False,False,False,False,0,1.0
purchase_requisition:493:pr_trigger_493,False,False,False,False,False,False,False,False,False,False,False,False,0,1.0
purchase_requisition:494:pr_trigger_494,False,False,False,False,False,False,False,False,False,False,True,True,2,0.9259
purchase_requisition:495:pr_trigger_495,False,True,False,False,False,False,False,False,False,False,False,False,1,0.8667
purchase_requisition:496:pr_trigger_496,False,False,False,False,False,False,False,False,False,False,False,False,0,1.0
purchase_requisition:497:pr_trigger_497,False,False,False,False,False,False,False,False,False,False,False,False,0,1.0
purchase_requisition:498:pr_trigger_498,False,False,False,False,False,False,False,False,False,False,False,False,0,1.0
purchase_requisition:499:pr_trigger_499,False,False,False,False,False,False,False,False,False,False,False,False,0,1.0
purchase_requisition:49:pr_trigger_49,False,False,False,False,False,False,False,False,False,False,False,True,1,0.9375
purchase_requisition:4:pr_trigger_4,False,False,False,False,False,False,False,False,False,False,False,False,0,1.0
purchase_requisition:500:pr_trigger_500,False,False,False,False,False,False,False,False,False,False,False,True,1,0.9167
purchase_requisition:501:pr_trigger_501,True,False,False,False,False,False,False,False,False,False,False,False,1,0.8462
purchase_requisition:502:pr_trigger_502,False,False,False,False,False,False,False,False,False,False,False,False,0,1.0
purchase_requisition:503:pr_trigger_503,True,False,False,False,False,False,False,False,False,False,False,False,1,0.931
purchase_requisition:504:pr_trigger_504,False,True,False,False,False,False,False,False,False,False,False,False,1,0.9231
purchase_requisition:505:pr_trigger_505,True,False,False,False,False,False,False,False,False,False,False,False,1,0.8462
purchase_requisition:506:pr_trigger_506,False,False,False,False,False,False,False,False,False,False,False,True,1,0.9688
purchase_requisition:507:pr_trigger_507,True,False,False,False,False,False,False,False,False,False,False,False,1,0.9412
purchase_requisition:508:pr_trigger_508,False,False,False,False,False,False,False,False,False,False,False,True,1,0.963
purchase_requisition:509:pr_trigger_509,False,False,False,False,False,False,False,False,False,False,False,True,1,0.9565
purchase_requisition:50:pr_trigger_50,False,False,False,False,False,False,False,False,False,False,False,True,1,0.9375
purchase_requisition:510:pr_trigger_510,False,False,False,False,False,False,False,False,False,False,False,True,1,0.9474
purchase_requisition:511:pr_trigger_511,False,False,False,False,False,False,False,False,False,False,False,True,1,0.9767
purchase_requisition:512:pr_trigger_512,False,True,False,False,False,False,False,False,False,False,False,False,1,0.8667
purchase_requisition:513:pr_trigger_513,False,False,False,False,False,False,False,False,False,False,False,False,0,1.0
purchase_requisition:514:pr_trigger_514,False,False,False,False,False,False,False,False,False,False,False,False,0,1.0
purchase_requisition:515:pr_trigger_515,True,False,False,False,False,False,False,False,False,False,False,False,1,0.9
purchase_requisition:516:pr_trigger_516,True,False,False,False,False,False,False,False,False,False,False,False,1,0.8462
purchase_requisition:517:pr_trigger_517,False,False,False,False,False,False,False,False,False,False,False,False,0,1.0
purchase_requisition:518:pr_trigger_518,True,False,False,False,False,False,False,False,False,False,False,False,1,0.931
purchase_requisition:519:pr_trigger_519,True,False,False,False,False,False,False,False,False,False,False,False,1,0.931
purchase_requisition:51:pr_trigger_51,True,False,False,False,False,False,False,False,False,False,False,False,1,0.9
purchase_requisition:520:pr_trigger_520,False,True,False,False,False,False,False,False,False,False,False,True,2,0.8125
purchase_requisition:521:pr_trigger_521,False,False,False,False,False,False,False,False,False,False,False,False,0,1.0
purchase_requisition:522:pr_trigger_522,False,False,False,False,False,False,False,False,False,False,True,False,1,0.9524
purchase_requisition:523:pr_trigger_523,True,False,False,False,False,False,False,False,False,False,False,False,1,0.9
purchase_requisition:524:pr_trigger_524,False,False,False,False,False,False,False,False,False,False,False,False,0,1.0
purchase_requisition:525:pr_trigger_525,False,True,False,False,False,False,False,False,False,False,True,True,3,0.9302
purchase_requisition:526:pr_trigger_526,True,False,False,False,False,False,False,False,False,False,True,True,3,0.9268
purchase_requisition:527:pr_trigger_527,True,False,False,False,False,False,False,False,False,False,False,False,1,0.9
purchase_requisition:528:pr_trigger_528,False,False,False,False,False,False,False,False,False,False,False,False,0,1.0
purchase_requisition:529:pr_trigger_529,False,False,False,False,False,False,False,False,False,False,False,False,0,1.0
purchase_requisition:52:pr_trigger_52,False,False,False,False,False,False,False,False,False,False,True,True,2,0.9535
purchase_requisition:530:pr_trigger_530,True,False,False,False,False,False,False,False,False,False,False,False,1,0.875
purchase_requisition:531:pr_trigger_531,False,False,False,False,False,False,False,False,False,False,False,True,1,0.9375
purchase_requisition:532:pr_trigger_532,True,False,False,False,False,False,False,False,False,False,True,False,2,0.9
purchase_requisition:533:pr_trigger_533,False,False,False,False,False,False,False,False,False,False,False,True,1,0.9375
purchase_requisition:534:pr_trigger_534,False,False,False,False,False,False,False,False,False,False,False,False,0,1.0
purchase_requisition:535:pr_trigger_535,False,False,False,False,False,False,False,False,False,False,True,True,2,0.9318
purchase_requisition:536:pr_trigger_536,False,False,False,False,False,False,False,False,False,False,False,False,0,1.0
purchase_requisition:537:pr_trigger_537,False,False,False,False,False,False,False,False,False,False,False,False,0,1.0
purchase_requisition:538:pr_trigger_538,False,True,False,False,False,False,False,False,False,False,False,False,1,0.8667
purchase_requisition:539:pr_trigger_539,True,False,False,False,False,False,False,False,False,False,True,False,2,0.8621
purchase_requisition:53:pr_trigger_53,False,False,False,False,False,False,False,False,False,False,False,True,1,0.9688
purchase_requisition:540:pr_trigger_540,False,False,False,False,False,False,False,False,False,False,False,False,0,1.0
purchase_requisition:541:pr_trigger_541,False,False,False,False,False,False,False,False,False,False,False,False,0,1.0
purchase_requisition:542:pr_trigger_542,False,False,False,False,False,False,False,False,False,False,False,False,0,1.0
purchase_requisition:543:pr_trigger_543,False,False,False,False,False,False,False,False,False,False,False,True,1,0.9474
purchase_requisition:544:pr_trigger_544,False,False,False,False,False,False,False,False,False,False,False,True,1,0.8824
purchase_requisition:545:pr_trigger_545,False,False,False,False,False,False,False,False,False,False,False,False,0,1.0
purchase_requisition:546:pr_trigger_546,False,False,False,False,False,False,False,False,False,False,True,False,1,0.9722
purchase_requisition:547:pr_trigger_547,True,False,False,False,False,False,False,False,False,False,True,False,2,0.8621
purchase_requisition:548:pr_trigger_548,False,False,False,False,False,False,False,False,False,False,False,False,0,1.0
purchase_requisition:549:pr_trigger_549,False,False,False,False,False,False,False,False,False,False,False,True,1,0.8333
purchase_requisition:54:pr_trigger_54,False,False,False,False,False,False,False,False,False,False,True,False,1,0.9722
purchase_requisition:550:pr_trigger_550,False,False,False,False,False,False,False,False,False,False,True,True,2,0.9565
purchase_requisition:551:pr_trigger_551,True,False,False,False,False,False,False,False,False,False,True,False,2,0.8824
purchase_requisition:552:pr_trigger_552,False,False,False,False,False,False,False,False,False,False,True,False,1,0.9722
purchase_requisition:553:pr_trigger_553,True,False,False,False,False,False,False,False,False,False,False,False,1,0.931
purchase_requisition:554:pr_trigger_554,False,False,False,False,False,False,False,False,False,False,False,False,0,1.0
purchase_requisition:555:pr_trigger_555,False,False,False,False,False,False,False,False,False,False,False,False,0,1.0
purchase_requisition:556:pr_trigger_556,False,True,False,False,False,False,False,False,False,False,False,False,1,0.9355
purchase_requisition:557:pr_trigger_557,False,False,False,False,False,False,False,False,False,False,False,False,0,1.0
purchase_requisition:558:pr_trigger_558,False,False,False,False,False,False,False,False,False,False,False,False,0,1.0
purchase_requisition:559:pr_trigger_559,True,False,False,False,False,False,False,False,False,False,False,False,1,0.9
purchase_requisition:55:pr_trigger_55,True,False,False,False,False,False,False,False,False,False,False,True,2,0.7857
purchase_requisition:560:pr_trigger_560,False,False,False,False,False,False,False,False,False,False,False,False,0,1.0
purchase_requisition:561:pr_trigger_561,False,False,False,False,False,False,False,False,False,False,False,True,1,0.9565
purchase_requisition:562:pr_trigger_562,True,False,False,False,False,False,False,False,False,False,True,False,2,0.85
purchase_requisition:563:pr_trigger_563,True,False,False,False,False,False,False,False,False,False,False,False,1,0.8947
purchase_requisition:564:pr_trigger_564,False,True,False,False,False,False,False,False,False,False,False,True,2,0.7647
purchase_requisition:565:pr_trigger_565,False,False,False,False,False,False,False,False,False,False,True,True,2,0.9394
purchase_requisition:566:pr_trigger_566,False,False,False,False,False,False,False,False,False,False,False,False,0,1.0
purchase_requisition:567:pr_trigger_567,False,False,False,False,False,False,False,False,False,False,False,False,0,1.0
purchase_requisition:568:pr_trigger_568,False,False,False,False,False,False,False,False,False,False,False,True,1,0.9767
purchase_requisition:569:pr_trigger_569,True,False,False,False,False,False,False,False,False,False,False,False,1,0.9
purchase_requisition:56:pr_trigger_56,False,False,False,False,False,False,False,False,False,False,True,False,1,0.9545
purchase_requisition:570:pr_trigger_570,False,False,False,False,False,False,False,False,False,False,True,True,2,0.9688
purchase_requisition:571:pr_trigger_571,False,False,False,False,False,False,False,False,False,False,False,False,0,1.0
purchase_requisition:572:pr_trigger_572,False,False,False,False,False,False,False,False,False,False,False,False,0,1.0
purchase_requisition:573:pr_trigger_573,False,False,False,False,False,False,False,False,False,False,False,False,0,1.0
purchase_requisition:574:pr_trigger_574,False,False,False,False,False,False,False,False,False,False,True,False,1,0.9524
purchase_requisition:575:pr_trigger_575,False,False,False,False,False,False,False,False,False,False,False,False,0,1.0
purchase_requisition:576:pr_trigger_576,False,False,False,False,False,False,False,False,False,False,True,True,2,0.9565
purchase_requisition:577:pr_trigger_577,False,True,False,False,False,False,False,False,False,False,True,False,2,0.8846
purchase_requisition:578:pr_trigger_578,False,False,False,False,False,False,False,False,False,False,False,False,0,1.0
purchase_requisition:579:pr_trigger_579,False,False,False,False,False,False,False,False,False,False,False,True,1,0.9474
purchase_requisition:57:pr_trigger_57,False,False,False,False,False,False,False,False,False,False,True,False,1,0.9355
purchase_requisition:580:pr_trigger_580,False,False,False,False,False,False,False,False,False,False,True,False,1,0.9722
purchase_requisition:581:pr_trigger_581,False,False,False,False,False,False,False,False,False,False,False,False,0,1.0
purchase_requisition:582:pr_trigger_582,False,False,False,False,False,False,False,False,False,False,False,False,0,1.0
purchase_requisition:583:pr_trigger_583,False,False,False,False,False,False,False,False,False,False,False,True,1,0.9375
purchase_requisition:584:pr_trigger_584,True,False,False,False,False,False,False,False,False,False,False,False,1,0.875
purchase_requisition:585:pr_trigger_585,False,True,False,False,False,False,False,False,False,False,True,False,2,0.8182
purchase_requisition:586:pr_trigger_586,True,False,False,False,False,False,False,False,False,False,False,False,1,0.8462
purchase_requisition:587:pr_trigger_587,False,False,False,False,False,False,False,False,False,False,False,False,0,1.0
purchase_requisition:588:pr_trigger_588,False,False,False,False,False,False,False,False,False,False,False,False,0,1.0
purchase_requisition:589:pr_trigger_589,True,False,False,False,False,False,False,False,False,False,False,False,1,0.8462
purchase_requisition:58:pr_trigger_58,False,False,False,False,False,False,False,False,False,False,False,False,0,1.0
purchase_requisition:590:pr_trigger_590,False,False,False,False,False,False,False,False,False,False,False,False,0,1.0
purchase_requisition:591:pr_trigger_591,False,False,False,False,False,False,False,False,False,False,False,False,0,1.0
purchase_requisition:592:pr_trigger_592,False,False,False,False,False,False,False,False,False,False,False,False,0,1.0
purchase_requisition:593:pr_trigger_593,False,False,False,False,False,False,False,False,False,False,False,False,0,1.0
purchase_requisition:594:pr_trigger_594,False,False,False,False,False,False,False,False,False,False,True,False,1,0.9545
purchase_requisition:595:pr_trigger_595,False,False,False,False,False,False,False,False,False,False,False,False,0,1.0
purchase_requisition:596:pr_trigger_596,False,False,False,False,False,False,False,False,False,False,False,True,1,0.963
purchase_requisition:597:pr_trigger_597,False,False,False,False,False,False,False,False,False,False,False,False,0,1.0
purchase_requisition:598:pr_trigger_598,False,False,False,False,False,False,False,False,False,False,False,False,0,1.0
purchase_requisition:599:pr_trigger_599,False,True,False,False,False,False,False,False,False,False,False,False,1,0.8889
purchase_requisition:59:pr_trigger_59,False,True,False,False,False,False,False,False,False,False,False,False,1,0.8667
purchase_requisition:5:pr_trigger_5,True,False,False,False,False,False,False,False,False,False,False,False,1,0.9
purchase_requisition:600:pr_trigger_600,False,False,False,False,False,False,False,False,False,False,False,False,0,1.0
purchase_requisition:601:pr_trigger_601,False,False,False,False,False,False,False,False,False,False,False,False,0,1.0
purchase_requisition:602:pr_trigger_602,False,False,False,False,False,False,False,False,False,False,False,False,0,1.0
purchase_requisition:603:pr_trigger_603,False,False,False,False,False,False,False,False,False,False,True,False,1,0.9677
purchase_requisition:604:pr_trigger_604,True,False,False,False,False,False,False,False,False,False,True,False,2,0.8824
purchase_requisition:605:pr_trigger_605,False,False,False,False,False,False,False,False,False,False,True,False,1,0.9762
purchase_requisition:606:pr_trigger_606,False,True,False,False,False,False,False,False,False,False,True,False,2,0.8846
purchase_requisition:607:pr_trigger_607,True,False,False,False,False,False,False,False,False,False,False,False,1,0.8462
purchase_requisition:608:pr_trigger_608,False,False,False,False,False,False,False,False,False,False,False,True,1,0.963
purchase_requisition:609:pr_trigger_609,False,False,False,False,False,False,False,False,False,False,True,False,1,0.9762
purchase_requisition:60:pr_trigger_60,True,False,False,False,False,False,False,False,False,False,False,False,1,0.875
purchase_requisition:610:pr_trigger_610,False,False,False,False,False,False,False,False,False,False,False,False,0,1.0
purchase_requisition:611:pr_trigger_611,False,False,False,False,False,False,False,False,False,False,True,False,1,0.9677
purchase_requisition:612:pr_trigger_612,False,False,False,False,False,False,False,False,False,False,False,False,0,1.0
purchase_requisition:613:pr_trigger_613,True,False,False,False,False,False,False,False,False,False,False,True,2,0.7857
purchase_requisition:614:pr_trigger_614,True,False,False,False,False,False,False,False,False,False,False,False,1,0.9
purchase_requisition:615:pr_trigger_615,False,False,False,False,False,False,False,False,False,False,True,False,1,0.9722
purchase_requisition:616:pr_trigger_616,False,False,False,False,False,False,False,False,False,False,False,True,1,0.9375
purchase_requisition:617:pr_trigger_617,False,False,False,False,False,False,False,False,False,False,False,True,1,0.9565
purchase_requisition:618:pr_trigger_618,False,False,False,False,False,False,False,False,False,False,False,False,0,1.0
purchase_requisition:619:pr_trigger_619,False,False,False,False,False,False,False,False,False,False,True,False,1,0.9545
purchase_requisition:61:pr_trigger_61,False,False,False,False,False,False,False,False,False,False,False,False,0,1.0
purchase_requisition:620:pr_trigger_620,False,True,False,False,False,False,False,False,False,False,True,False,2,0.8846
purchase_requisition:621:pr_trigger_621,False,True,False,False,False,False,False,False,False,False,False,False,1,0.9048
purchase_requisition:622:pr_trigger_622,False,False,False,False,False,False,False,False,False,False,False,True,1,0.9474
purchase_requisition:623:pr_trigger_623,True,False,False,False,False,False,False,False,False,False,False,False,1,0.8462
purchase_requisition:624:pr_trigger_624,False,False,False,False,False,False,False,False,False,False,True,False,1,0.9762
purchase_requisition:625:pr_trigger_625,True,False,False,False,False,False,False,False,False,False,False,True,2,0.8571
purchase_requisition:626:pr_trigger_626,False,False,False,False,False,False,False,False,False,False,False,False,0,1.0
purchase_requisition:627:pr_trigger_627,False,False,False,False,False,False,False,False,False,False,False,False,0,1.0
purchase_requisition:628:pr_trigger_628,False,True,False,False,False,False,False,False,False,False,False,False,1,0.8667
purchase_requisition:629:pr_trigger_629,False,False,False,False,False,False,False,False,False,False,False,False,0,1.0
purchase_requisition:62:pr_trigger_62,True,False,False,False,False,False,False,False,False,False,False,False,1,0.8462
purchase_requisition:630:pr_trigger_630,False,False,False,False,False,False,False,False,False,False,True,False,1,0.9355
purchase_requisition:631:pr_trigger_631,True,False,False,False,False,False,False,False,False,False,False,False,1,0.9
purchase_requisition:632:pr_trigger_632,False,False,False,False,False,False,False,False,False,False,False,False,0,1.0
purchase_requisition:633:pr_trigger_633,False,False,False,False,False,False,False,False,False,False,False,False,0,1.0
purchase_requisition:634:pr_trigger_634,False,False,False,False,False,False,False,False,False,False,False,False,0,1.0
purchase_requisition:635:pr_trigger_635,False,False,False,False,False,False,False,False,False,False,True,False,1,0.9615
purchase_requisition:636:pr_trigger_636,False,False,False,False,False,False,False,False,False,False,False,False,0,1.0
purchase_requisition:637:pr_trigger_637,False,True,False,False,False,False,False,False,False,False,False,False,1,0.8667
purchase_requisition:638:pr_trigger_638,False,False,False,False,False,False,False,False,False,False,False,False,0,1.0
purchase_requisition:639:pr_trigger_639,False,False,False,False,False,False,False,False,False,False,False,False,0,1.0
purchase_requisition:63:pr_trigger_63,False,False,False,False,False,False,False,False,False,False,False,False,0,1.0
purchase_requisition:640:pr_trigger_640,False,False,False,False,False,False,False,False,False,False,False,False,0,1.0
purchase_requisition:641:pr_trigger_641,False,False,False,False,False,False,False,False,False,False,False,False,0,1.0
purchase_requisition:642:pr_trigger_642,False,False,False,False,False,False,False,False,False,False,False,False,0,1.0
purchase_requisition:643:pr_trigger_643,False,False,False,False,False,False,False,False,False,False,False,True,1,0.96
purchase_requisition:644:pr_trigger_644,False,False,False,False,False,False,False,False,False,False,False,True,1,0.9688
purchase_requisition:645:pr_trigger_645,False,False,False,False,False,False,False,False,False,False,False,False,0,1.0
purchase_requisition:646:pr_trigger_646,False,False,False,False,False,False,False,False,False,False,True,True,2,0.9286
purchase_requisition:647:pr_trigger_647,False,False,False,False,False,False,False,False,False,False,False,False,0,1.0
purchase_requisition:648:pr_trigger_648,False,False,False,False,False,False,False,False,False,False,False,True,1,0.9375
purchase_requisition:649:pr_trigger_649,False,False,False,False,False,False,False,False,False,False,False,True,1,0.963
purchase_requisition:64:pr_trigger_64,False,False,False,False,False,False,False,False,False,False,True,True,2,0.9565
purchase_requisition:650:pr_trigger_650,False,False,False,False,False,False,False,False,False,False,False,False,0,1.0
purchase_requisition:651:pr_trigger_651,False,True,False,False,False,False,False,False,False,False,False,False,1,0.8667
purchase_requisition:652:pr_trigger_652,False,True,False,False,False,False,False,False,False,False,False,False,1,0.9444
purchase_requisition:653:pr_trigger_653,True,False,False,False,False,False,False,False,False,False,False,False,1,0.9286
purchase_requisition:654:pr_trigger_654,True,False,False,False,False,False,False,False,False,False,False,False,1,0.8462
purchase_requisition:655:pr_trigger_655,False,False,False,False,False,False,False,False,False,False,False,True,1,0.9375
purchase_requisition:656:pr_trigger_656,False,False,False,False,False,False,False,False,False,False,True,False,1,0.9524
purchase_requisition:657:pr_trigger_657,True,False,False,False,False,False,False,False,False,False,False,False,1,0.8462
purchase_requisition:658:pr_trigger_658,False,True,False,False,False,False,False,False,False,False,False,False,1,0.8667
purchase_requisition:659:pr_trigger_659,False,False,False,False,False,False,False,False,False,False,False,False,0,1.0
purchase_requisition:65:pr_trigger_65,False,False,False,False,False,False,False,False,False,False,False,False,0,1.0
purchase_requisition:660:pr_trigger_660,False,False,False,False,False,False,False,False,False,False,False,True,1,0.9375
purchase_requisition:661:pr_trigger_661,False,False,False,False,False,False,False,False,False,False,False,False,0,1.0
purchase_requisition:662:pr_trigger_662,False,True,False,False,False,False,False,False,False,False,False,True,2,0.8636
purchase_requisition:663:pr_trigger_663,False,True,False,False,False,False,False,False,False,False,False,False,1,0.8667
purchase_requisition:664:pr_trigger_664,False,False,False,False,False,False,False,False,False,False,False,False,0,1.0
purchase_requisition:665:pr_trigger_665,False,False,False,False,False,False,False,False,False,False,False,False,0,1.0
purchase_requisition:666:pr_trigger_666,False,False,False,False,False,False,False,False,False,False,False,False,0,1.0
purchase_requisition:667:pr_trigger_667,False,False,False,False,False,False,False,False,False,False,False,False,0,1.0
purchase_requisition:668:pr_trigger_668,False,False,False,False,False,False,False,False,False,False,False,True,1,0.9375
purchase_requisition:669:pr_trigger_669,False,False,False,False,False,False,False,False,False,False,False,False,0,1.0
purchase_requisition:66:pr_trigger_66,False,False,False,False,False,False,False,False,False,False,False,False,0,1.0
purchase_requisition:670:pr_trigger_670,False,False,False,False,False,False,False,False,False,False,True,False,1,0.9722
purchase_requisition:671:pr_trigger_671,False,False,False,False,False,False,False,False,False,False,False,True,1,0.9375
purchase_requisition:672:pr_trigger_672,False,False,False,False,False,False,False,False,False,False,True,False,1,0.9545
purchase_requisition:673:pr_trigger_673,False,False,False,False,False,False,False,False,False,False,False,False,0,1.0
purchase_requisition:674:pr_trigger_674,False,False,False,False,False,False,False,False,False,False,False,False,0,1.0
purchase_requisition:675:pr_trigger_675,False,False,False,False,False,False,False,False,False,False,False,False,0,1.0
purchase_requisition:676:pr_trigger_676,False,True,False,False,False,False,False,False,False,False,False,False,1,0.9048
purchase_requisition:677:pr_trigger_677,False,True,False,False,False,False,False,False,False,False,True,False,2,0.8846
purchase_requisition:678:pr_trigger_678,False,False,False,False,False,False,False,False,False,False,False,False,0,1.0
purchase_requisition:679:pr_trigger_679,True,False,False,False,False,False,False,False,False,False,False,False,1,0.8462
purchase_requisition:67:pr_trigger_67,False,False,False,False,False,False,False,False,False,False,False,False,0,1.0
purchase_requisition:680:pr_trigger_680,False,False,False,False,False,False,False,False,False,False,False,False,0,1.0
purchase_requisition:681:pr_trigger_681,False,False,False,False,False,False,False,False,False,False,False,True,1,0.9231
purchase_requisition:682:pr_trigger_682,False,True,False,False,False,False,False,False,False,False,False,False,1,0.8667
purchase_requisition:683:pr_trigger_683,False,False,False,False,False,False,False,False,False,False,False,False,0,1.0
purchase_requisition:684:pr_trigger_684,False,False,False,False,False,False,False,False,False,False,False,False,0,1.0
purchase_requisition:685:pr_trigger_685,False,False,False,False,False,False,False,False,False,False,False,True,1,0.9375
purchase_requisition:686:pr_trigger_686,True,False,False,False,False,False,False,False,False,False,True,False,2,0.9
purchase_requisition:687:pr_trigger_687,False,False,False,False,False,False,False,False,False,False,True,False,1,0.9524
purchase_requisition:688:pr_trigger_688,False,False,False,False,False,False,False,False,False,False,True,False,1,0.9355
purchase_requisition:689:pr_trigger_689,False,False,False,False,False,False,False,False,False,False,False,False,0,1.0
purchase_requisition:68:pr_trigger_68,False,False,False,False,False,False,False,False,False,False,True,False,1,0.9355
purchase_requisition:690:pr_trigger_690,False,False,False,False,False,False,False,False,False,False,False,False,0,1.0
purchase_requisition:691:pr_trigger_691,False,False,False,False,False,False,False,False,False,False,False,False,0,1.0
purchase_requisition:692:pr_trigger_692,False,False,False,False,False,False,False,False,False,False,False,False,0,1.0
purchase_requisition:693:pr_trigger_693,False,False,False,False,False,False,False,False,False,False,False,True,1,0.9375
purchase_requisition:694:pr_trigger_694,True,False,False,False,False,False,False,False,False,False,False,True,2,0.9268
purchase_requisition:695:pr_trigger_695,False,False,False,False,False,False,False,False,False,False,False,False,0,1.0
purchase_requisition:696:pr_trigger_696,True,False,False,False,False,False,False,False,False,False,False,False,1,0.8462
purchase_requisition:697:pr_trigger_697,False,False,False,False,False,False,False,False,False,False,True,False,1,0.9355
purchase_requisition:698:pr_trigger_698,True,False,False,False,False,False,False,False,False,False,False,False,1,0.8462
purchase_requisition:699:pr_trigger_699,False,False,False,False,False,False,False,False,False,False,True,False,1,0.9444
purchase_requisition:69:pr_trigger_69,False,False,False,False,False,False,False,False,False,False,False,False,0,1.0
purchase_requisition:6:pr_trigger_6,False,False,False,False,False,False,False,False,False,False,False,False,0,1.0
purchase_requisition:700:pr_trigger_700,True,False,False,False,False,False,False,False,False,False,False,False,1,0.875
purchase_requisition:701:pr_trigger_701,True,False,False,False,False,False,False,False,False,False,False,False,1,0.931
purchase_requisition:702:pr_trigger_702,False,True,False,False,False,False,False,False,False,False,False,True,2,0.8696
purchase_requisition:703:pr_trigger_703,False,False,False,False,False,False,False,False,False,False,False,False,0,1.0
purchase_requisition:704:pr_trigger_704,False,False,False,False,False,False,False,False,False,False,False,False,0,1.0
purchase_requisition:705:pr_trigger_705,False,False,False,False,False,False,False,False,False,False,False,False,0,1.0
purchase_requisition:706:pr_trigger_706,False,True,False,False,False,False,False,False,False,False,False,False,1,0.9091
purchase_requisition:707:pr_trigger_707,False,False,False,False,False,False,False,False,False,False,False,False,0,1.0
purchase_requisition:708:pr_trigger_708,False,False,False,False,False,False,False,False,False,False,True,False,1,0.9444
purchase_requisition:709:pr_trigger_709,False,False,False,False,False,False,False,False,False,False,False,False,0,1.0
purchase_requisition:70:pr_trigger_70,False,False,False,False,False,False,False,False,False,False,False,False,0,1.0
purchase_requisition:710:pr_trigger_710,False,False,False,False,False,False,False,False,False,False,False,False,0,1.0
purchase_requisition:711:pr_trigger_711,True,False,False,False,False,False,False,False,False,False,False,False,1,0.8462
purchase_requisition:712:pr_trigger_712,True,False,False,False,False,False,False,False,False,False,False,False,1,0.9
purchase_requisition:713:pr_trigger_713,False,False,False,False,False,False,False,False,False,False,False,False,0,1.0
purchase_requisition:714:pr_trigger_714,True,False,False,False,False,False,False,False,False,False,True,False,2,0.8966
purchase_requisition:715:pr_trigger_715,False,False,False,False,False,False,False,False,False,False,False,False,0,1.0
purchase_requisition:716:pr_trigger_716,False,False,False,False,False,False,False,False,False,False,False,True,1,0.9231
purchase_requisition:717:pr_trigger_717,False,False,False,False,False,False,False,False,False,False,False,False,0,1.0
purchase_requisition:718:pr_trigger_718,False,True,False,False,False,False,False,False,False,False,False,False,1,0.9167
purchase_requisition:719:pr_trigger_719,True,False,False,False,False,False,False,False,False,False,False,False,1,0.8462
purchase_requisition:71:pr_trigger_71,False,False,False,False,False,False,False,False,False,False,False,False,0,1.0
purchase_requisition:720:pr_trigger_720,False,True,False,False,False,False,False,False,False,False,False,False,1,0.8889
purchase_requisition:721:pr_trigger_721,False,False,False,False,False,False,False,False,False,False,False,False,0,1.0
purchase_requisition:722:pr_trigger_722,False,True,False,False,False,False,False,False,False,False,False,True,2,0.8125
purchase_requisition:723:pr_trigger_723,False,False,False,False,False,False,False,False,False,False,True,False,1,0.9545
purchase_requisition:724:pr_trigger_724,False,False,False,False,False,False,False,False,False,False,False,False,0,1.0
purchase_requisition:725:pr_trigger_725,False,True,False,False,False,False,False,False,False,False,False,True,2,0.8125
purchase_requisition:726:pr_trigger_726,False,False,False,False,False,False,False,False,False,False,False,False,0,1.0
purchase_requisition:727:pr_trigger_727,False,False,False,False,False,False,False,False,False,False,False,False,0,1.0
purchase_requisition:728:pr_trigger_728,False,False,False,False,False,False,False,False,False,False,False,False,0,1.0
purchase_requisition:729:pr_trigger_729,True,False,False,False,False,False,False,False,False,False,False,False,1,0.8462
purchase_requisition:72:pr_trigger_72,False,False,False,False,False,False,False,False,False,False,True,False,1,0.9545
purchase_requisition:730:pr_trigger_730,False,False,False,False,False,False,False,False,False,False,False,False,0,1.0
purchase_requisition:731:pr_trigger_731,True,False,False,False,False,False,False,False,False,False,False,True,2,0.8333
purchase_requisition:732:pr_trigger_732,False,False,False,False,False,False,False,False,False,False,False,False,0,1.0
purchase_requisition:733:pr_trigger_733,False,False,False,False,False,False,False,False,False,False,False,True,1,0.963
purchase_requisition:734:pr_trigger_734,False,False,False,False,False,False,False,False,False,False,False,False,0,1.0
purchase_requisition:735:pr_trigger_735,False,True,False,False,False,False,False,False,False,False,True,False,2,0.9032
purchase_requisition:736:pr_trigger_736,False,False,False,False,False,False,False,False,False,False,False,False,0,1.0
purchase_requisition:737:pr_trigger_737,False,False,False,False,False,False,False,False,False,False,True,False,1,0.9722
purchase_requisition:738:pr_trigger_738,False,False,False,False,False,False,False,False,False,False,False,False,0,1.0
purchase_requisition:739:pr_trigger_739,False,False,False,False,False,False,False,False,False,False,True,False,1,0.9722
purchase_requisition:73:pr_trigger_73,False,False,False,False,False,False,False,False,False,False,False,False,0,1.0
purchase_requisition:740:pr_trigger_740,False,False,False,False,False,False,False,False,False,False,False,True,1,0.9474
purchase_requisition:741:pr_trigger_741,True,False,False,False,False,False,False,False,False,False,False,False,1,0.8462
purchase_requisition:742:pr_trigger_742,False,False,False,False,False,False,False,False,False,False,False,False,0,1.0
purchase_requisition:743:pr_trigger_743,True,False,False,False,False,False,False,False,False,False,False,False,1,0.8462
purchase_requisition:744:pr_trigger_744,True,False,False,False,False,False,False,False,False,False,False,False,1,0.8462
purchase_requisition:745:pr_trigger_745,False,False,False,False,False,False,False,False,False,False,False,False,0,1.0
purchase_requisition:746:pr_trigger_746,False,False,False,False,False,False,False,False,False,False,False,False,0,1.0
purchase_requisition:747:pr_trigger_747,False,False,False,False,False,False,False,False,False,False,False,True,1,0.9167
purchase_requisition:748:pr_trigger_748,False,False,False,False,False,False,False,False,False,False,False,False,0,1.0
purchase_requisition:749:pr_trigger_749,False,False,False,False,False,False,False,False,False,False,False,False,0,1.0
purchase_requisition:74:pr_trigger_74,False,False,False,False,False,False,False,False,False,False,False,False,0,1.0
purchase_requisition:750:pr_trigger_750,False,False,False,False,False,False,False,False,False,False,False,False,0,1.0
purchase_requisition:751:pr_trigger_751,False,False,False,False,False,False,False,False,False,False,False,False,0,1.0
purchase_requisition:752:pr_trigger_752,False,False,False,False,False,False,False,False,False,False,False,False,0,1.0
purchase_requisition:753:pr_trigger_753,True,False,False,False,False,False,False,False,False,False,False,False,1,0.8462
purchase_requisition:754:pr_trigger_754,False,False,False,False,False,False,False,False,False,False,False,False,0,1.0
purchase_requisition:755:pr_trigger_755,True,False,False,False,False,False,False,False,False,False,False,False,1,0.9
purchase_requisition:756:pr_trigger_756,True,False,False,False,False,False,False,False,False,False,False,False,1,0.8462
purchase_requisition:757:pr_trigger_757,True,False,False,False,False,False,False,False,False,False,False,False,1,0.9
purchase_requisition:758:pr_trigger_758,False,False,False,False,False,False,False,False,False,False,False,True,1,0.9565
purchase_requisition:759:pr_trigger_759,True,False,False,False,False,False,False,False,False,False,False,False,1,0.8462
purchase_requisition:75:pr_trigger_75,False,False,False,False,False,False,False,False,False,False,False,False,0,1.0
purchase_requisition:760:pr_trigger_760,True,False,False,False,False,False,False,False,False,False,False,False,1,0.9
purchase_requisition:761:pr_trigger_761,True,False,False,False,False,False,False,False,False,False,False,False,1,0.8462
purchase_requisition:762:pr_trigger_762,True,False,False,False,False,False,False,False,False,False,False,False,1,0.9
purchase_requisition:763:pr_trigger_763,False,False,False,False,False,False,False,False,False,False,False,True,1,0.8824
purchase_requisition:764:pr_trigger_764,False,True,False,False,False,False,False,False,False,False,False,False,1,0.9091
purchase_requisition:765:pr_trigger_765,False,True,False,False,False,False,False,False,False,False,False,False,1,0.8667
purchase_requisition:766:pr_trigger_766,False,False,False,False,False,False,False,False,False,False,False,True,1,0.9375
purchase_requisition:767:pr_trigger_767,False,False,False,False,False,False,False,False,False,False,True,False,1,0.9355
purchase_requisition:768:pr_trigger_768,True,False,False,False,False,False,False,False,False,False,True,True,3,0.7812
purchase_requisition:769:pr_trigger_769,False,False,False,False,False,False,False,False,False,False,False,False,0,1.0
purchase_requisition:76:pr_trigger_76,False,False,False,False,False,False,False,False,False,False,False,True,1,0.9474
purchase_requisition:770:pr_trigger_770,False,True,False,False,False,False,False,False,False,False,False,False,1,0.9355
purchase_requisition:771:pr_trigger_771,False,False,False,False,False,False,False,False,False,False,True,False,1,0.9545
purchase_requisition:772:pr_trigger_772,False,False,False,False,False,False,False,False,False,False,False,False,0,1.0
purchase_requisition:773:pr_trigger_773,True,False,False,False,False,False,False,False,False,False,False,False,1,0.875
purchase_requisition:774:pr_trigger_774,True,False,False,False,False,False,False,False,False,False,False,False,1,0.8947
purchase_requisition:775:pr_trigger_775,False,False,False,False,False,False,False,False,False,False,False,False,0,1.0
purchase_requisition:776:pr_trigger_776,False,True,False,False,False,False,False,False,False,False,False,True,2,0.8125
purchase_requisition:777:pr_trigger_777,True,False,False,False,False,False,False,False,False,False,False,True,2,0.7857
purchase_requisition:778:pr_trigger_778,False,False,False,False,False,False,False,False,False,False,False,True,1,0.9375
purchase_requisition:779:pr_trigger_779,False,False,False,False,False,False,False,False,False,False,False,False,0,1.0
purchase_requisition:77:pr_trigger_77,False,False,False,False,False,False,False,False,False,False,False,True,1,0.963
purchase_requisition:780:pr_trigger_780,False,False,False,False,False,False,False,False,False,False,False,False,0,1.0
purchase_requisition:781:pr_trigger_781,False,False,False,False,False,False,False,False,False,False,False,False,0,1.0
purchase_requisition:782:pr_trigger_782,True,False,False,False,False,False,False,False,False,False,False,False,1,0.8462
purchase_requisition:783:pr_trigger_783,True,False,False,False,False,False,False,False,False,False,False,False,1,0.8462
purchase_requisition:784:pr_trigger_784,False,False,False,False,False,False,False,False,False,False,False,True,1,0.9565
purchase_requisition:785:pr_trigger_785,True,False,False,False,False,False,False,False,False,False,True,False,2,0.85
purchase_requisition:786:pr_trigger_786,False,True,False,False,False,False,False,False,False,False,False,False,1,0.8889
purchase_requisition:787:pr_trigger_787,False,False,False,False,False,False,False,False,False,False,False,False,0,1.0
purchase_requisition:788:pr_trigger_788,False,False,False,False,False,False,False,False,False,False,False,False,0,1.0
purchase_requisition:789:pr_trigger_789,True,False,False,False,False,False,False,False,False,False,False,False,1,0.95
purchase_requisition:78:pr_trigger_78,False,False,False,False,False,False,False,False,False,False,False,False,0,1.0
purchase_requisition:790:pr_trigger_790,False,False,False,False,False,False,False,False,False,False,False,False,0,1.0
purchase_requisition:791:pr_trigger_791,False,False,False,False,False,False,False,False,False,False,False,False,0,1.0
purchase_requisition:792:pr_trigger_792,False,True,False,False,False,False,False,False,False,False,True,False,2,0.9048
purchase_requisition:793:pr_trigger_793,True,False,False,False,False,False,False,False,False,False,False,False,1,0.8462
purchase_requisition:794:pr_trigger_794,True,False,False,False,False,False,False,False,False,False,False,False,1,0.9
purchase_requisition:795:pr_trigger_795,True,False,False,False,False,False,False,False,False,False,False,True,2,0.7857
purchase_requisition:796:pr_trigger_796,False,False,False,False,False,False,False,False,False,False,False,False,0,1.0
purchase_requisition:797:pr_trigger_797,True,False,False,False,False,False,False,False,False,False,True,False,2,0.8966
purchase_requisition:798:pr_trigger_798,False,True,False,False,False,False,False,False,False,False,False,False,1,0.9333
purchase_requisition:799:pr_trigger_799,False,False,False,False,False,False,False,False,False,False,False,True,1,0.9474
purchase_requisition:79:pr_trigger_79,True,False,False,False,False,False,False,False,False,False,False,False,1,0.875
purchase_requisition:7:pr_trigger_7,True,False,False,False,False,False,False,False,False,False,False,False,1,0.8462
purchase_requisition:800:pr_trigger_800,False,True,False,False,False,False,False,False,False,False,False,True,2,0.9062
purchase_requisition:801:pr_trigger_801,False,False,False,False,False,False,False,False,False,False,False,False,0,1.0
purchase_requisition:802:pr_trigger_802,False,False,False,False,False,False,False,False,False,False,False,False,0,1.0
purchase_requisition:803:pr_trigger_803,False,True,False,False,False,False,False,False,False,False,False,False,1,0.9231
purchase_requisition:804:pr_trigger_804,True,False,False,False,False,False,False,False,False,False,False,False,1,0.875
purchase_requisition:805:pr_trigger_805,False,False,False,False,False,False,False,False,False,False,False,False,0,1.0
purchase_requisition:806:pr_trigger_806,False,True,False,False,False,False,False,False,False,False,False,False,1,0.9355
purchase_requisition:807:pr_trigger_807,True,False,False,False,False,False,False,False,False,False,True,False,2,0.9
purchase_requisition:808:pr_trigger_808,False,False,False,False,False,False,False,False,False,False,False,True,1,0.9286
purchase_requisition:809:pr_trigger_809,False,False,False,False,False,False,False,False,False,False,False,True,1,0.973
purchase_requisition:80:pr_trigger_80,False,False,False,False,False,False,False,False,False,False,False,False,0,1.0
purchase_requisition:810:pr_trigger_810,False,False,False,False,False,False,False,False,False,False,True,False,1,0.9524
purchase_requisition:811:pr_trigger_811,False,False,False,False,False,False,False,False,False,False,False,False,0,1.0
purchase_requisition:812:pr_trigger_812,True,False,False,False,False,False,False,False,False,False,False,True,2,0.6875
purchase_requisition:813:pr_trigger_813,False,False,False,False,False,False,False,False,False,False,False,False,0,1.0
purchase_requisition:814:pr_trigger_814,False,False,False,False,False,False,False,False,False,False,False,False,0,1.0
purchase_requisition:815:pr_trigger_815,False,False,False,False,False,False,False,False,False,False,False,False,0,1.0
purchase_requisition:816:pr_trigger_816,False,False,False,False,False,False,False,False,False,False,False,True,1,0.8824
purchase_requisition:817:pr_trigger_817,False,False,False,False,False,False,False,False,False,False,False,False,0,1.0
purchase_requisition:818:pr_trigger_818,True,False,False,False,False,False,False,False,False,False,False,False,1,0.8462
purchase_requisition:819:pr_trigger_819,False,True,False,False,False,False,False,False,False,False,False,False,1,0.8667
purchase_requisition:81:pr_trigger_81,False,False,False,False,False,False,False,False,False,False,False,False,0,1.0
purchase_requisition:820:pr_trigger_820,False,False,False,False,False,False,False,False,False,False,False,False,0,1.0
purchase_requisition:821:pr_trigger_821,False,False,False,False,False,False,False,False,False,False,False,False,0,1.0
purchase_requisition:822:pr_trigger_822,False,False,False,False,False,False,False,False,False,False,False,True,1,0.9
purchase_requisition:823:pr_trigger_823,False,False,False,False,False,False,False,False,False,False,False,False,0,1.0
purchase_requisition:824:pr_trigger_824,True,False,False,False,False,False,False,False,False,False,False,False,1,0.8462
purchase_requisition:825:pr_trigger_825,True,False,False,False,False,False,False,False,False,False,False,False,1,0.9412
purchase_requisition:826:pr_trigger_826,False,False,False,False,False,False,False,False,False,False,False,False,0,1.0
purchase_requisition:827:pr_trigger_827,False,False,False,False,False,False,False,False,False,False,True,False,1,0.9545
purchase_requisition:828:pr_trigger_828,True,False,False,False,False,False,False,False,False,False,True,False,2,0.85
purchase_requisition:829:pr_trigger_829,True,False,False,False,False,False,False,False,False,False,False,False,1,0.8462
purchase_requisition:82:pr_trigger_82,False,False,False,False,False,False,False,False,False,False,False,True,1,0.9565
purchase_requisition:830:pr_trigger_830,True,False,False,False,False,False,False,False,False,False,False,False,1,0.8462
purchase_requisition:831:pr_trigger_831,True,False,False,False,False,False,False,False,False,False,False,True,2,0.8696
purchase_requisition:832:pr_trigger_832,False,False,False,False,False,False,False,False,False,False,True,False,1,0.9677
purchase_requisition:833:pr_trigger_833,False,False,False,False,False,False,False,False,False,False,False,False,0,1.0
purchase_requisition:834:pr_trigger_834,False,False,False,False,False,False,False,False,False,False,False,False,0,1.0
purchase_requisition:835:pr_trigger_835,False,True,False,False,False,False,False,False,False,False,True,False,2,0.9167
purchase_requisition:836:pr_trigger_836,False,False,False,False,False,False,False,False,False,False,False,False,0,1.0
purchase_requisition:837:pr_trigger_837,True,False,False,False,False,False,False,False,False,False,False,False,1,0.9
purchase_requisition:838:pr_trigger_838,False,False,False,False,False,False,False,False,False,False,False,False,0,1.0
purchase_requisition:839:pr_trigger_839,False,False,False,False,False,False,False,False,False,False,False,False,0,1.0
purchase_requisition:83:pr_trigger_83,True,False,False,False,False,False,False,False,False,False,False,False,1,0.8462
purchase_requisition:840:pr_trigger_840,False,True,False,False,False,False,False,False,False,False,False,False,1,0.9091
purchase_requisition:841:pr_trigger_841,False,False,False,False,False,False,False,False,False,False,False,False,0,1.0
purchase_requisition:842:pr_trigger_842,False,False,False,False,False,False,False,False,False,False,False,False,0,1.0
purchase_requisition:843:pr_trigger_843,False,True,False,False,False,False,False,False,False,False,True,True,3,0.907
purchase_requisition:844:pr_trigger_844,True,False,False,False,False,False,False,False,False,False,False,True,2,0.8966
purchase_requisition:845:pr_trigger_845,False,False,False,False,False,False,False,False,False,False,False,False,0,1.0
purchase_requisition:846:pr_trigger_846,True,False,False,False,False,False,False,False,False,False,False,False,1,0.95
purchase_requisition:847:pr_trigger_847,True,False,False,False,False,False,False,False,False,False,False,False,1,0.8462
purchase_requisition:848:pr_trigger_848,False,False,False,False,False,False,False,False,False,False,False,False,0,1.0
purchase_requisition:849:pr_trigger_849,False,False,False,False,False,False,False,False,False,False,True,True,2,0.9565
purchase_requisition:84:pr_trigger_84,False,False,False,False,False,False,False,False,False,False,False,False,0,1.0
purchase_requisition:850:pr_trigger_850,True,False,False,False,False,False,False,False,False,False,False,False,1,0.8462
purchase_requisition:851:pr_trigger_851,False,False,False,False,False,False,False,False,False,False,True,False,1,0.9615
purchase_requisition:852:pr_trigger_852,False,True,False,False,False,False,False,False,False,False,False,False,1,0.9091
purchase_requisition:853:pr_trigger_853,False,False,False,False,False,False,False,False,False,False,False,False,0,1.0
purchase_requisition:854:pr_trigger_854,False,False,False,False,False,False,False,False,False,False,False,True,1,0.9688
purchase_requisition:855:pr_trigger_855,False,True,False,False,False,False,False,False,False,False,True,False,2,0.8846
purchase_requisition:856:pr_trigger_856,False,False,False,False,False,False,False,False,False,False,False,False,0,1.0
purchase_requisition:857:pr_trigger_857,False,False,False,False,False,False,False,False,False,False,False,False,0,1.0
purchase_requisition:858:pr_trigger_858,False,False,False,False,False,False,False,False,False,False,False,False,0,1.0
purchase_requisition:859:pr_trigger_859,False,False,False,False,False,False,False,False,False,False,False,False,0,1.0
purchase_requisition:85:pr_trigger_85,False,False,False,False,False,False,False,False,False,False,False,True,1,0.9565
purchase_requisition:860:pr_trigger_860,True,False,False,False,False,False,False,False,False,False,False,False,1,0.8462
purchase_requisition:861:pr_trigger_861,False,False,False,False,False,False,False,False,False,False,False,False,0,1.0
purchase_requisition:862:pr_trigger_862,True,False,False,False,False,False,False,False,False,False,False,False,1,0.9
purchase_requisition:863:pr_trigger_863,False,False,False,False,False,False,False,False,False,False,False,False,0,1.0
purchase_requisition:864:pr_trigger_864,False,True,False,False,False,False,False,False,False,False,False,False,1,0.8667
purchase_requisition:865:pr_trigger_865,True,False,False,False,False,False,False,False,False,False,False,False,1,0.8462
purchase_requisition:866:pr_trigger_866,False,False,False,False,False,False,False,False,False,False,False,True,1,0.9375
purchase_requisition:867:pr_trigger_867,False,False,False,False,False,False,False,False,False,False,False,True,1,0.9375
purchase_requisition:868:pr_trigger_868,True,False,False,False,False,False,False,False,False,False,False,False,1,0.8947
purchase_requisition:869:pr_trigger_869,False,False,False,False,False,False,False,False,False,False,True,False,1,0.9355
purchase_requisition:86:pr_trigger_86,False,False,False,False,False,False,False,False,False,False,False,False,0,1.0
purchase_requisition:870:pr_trigger_870,False,False,False,False,False,False,False,False,False,False,False,False,0,1.0
purchase_requisition:871:pr_trigger_871,False,False,False,False,False,False,False,False,False,False,False,False,0,1.0
purchase_requisition:872:pr_trigger_872,True,False,False,False,False,False,False,False,False,False,False,True,2,0.7333
purchase_requisition:873:pr_trigger_873,False,False,False,False,False,False,False,False,False,False,False,False,0,1.0
purchase_requisition:874:pr_trigger_874,False,False,False,False,False,False,False,False,False,False,False,False,0,1.0
purchase_requisition:875:pr_trigger_875,False,False,False,False,False,False,False,False,False,False,False,False,0,1.0
purchase_requisition:876:pr_trigger_876,False,False,False,False,False,False,False,False,False,False,False,False,0,1.0
purchase_requisition:877:pr_trigger_877,False,False,False,False,False,False,False,False,False,False,True,False,1,0.9722
purchase_requisition:878:pr_trigger_878,False,True,False,False,False,False,False,False,False,False,False,True,2,0.8696
purchase_requisition:879:pr_trigger_879,False,False,False,False,False,False,False,False,False,False,False,False,0,1.0
purchase_requisition:87:pr_trigger_87,False,False,False,False,False,False,False,False,False,False,True,True,2,0.9767
purchase_requisition:880:pr_trigger_880,False,True,False,False,False,False,False,False,False,False,False,False,1,0.9444
purchase_requisition:881:pr_trigger_881,False,False,False,False,False,False,False,False,False,False,False,False,0,1.0
purchase_requisition:882:pr_trigger_882,False,False,False,False,False,False,False,False,False,False,True,False,1,0.9762
purchase_requisition:883:pr_trigger_883,False,False,False,False,False,False,False,False,False,False,False,True,1,0.963
purchase_requisition:884:pr_trigger_884,False,False,False,False,False,False,False,False,False,False,False,False,0,1.0
purchase_requisition:885:pr_trigger_885,False,False,False,False,False,False,False,False,False,False,False,False,0,1.0
purchase_requisition:886:pr_trigger_886,False,False,False,False,False,False,False,False,False,False,False,False,0,1.0
purchase_requisition:887:pr_trigger_887,False,True,False,False,False,False,False,False,False,False,False,True,2,0.8636
purchase_requisition:888:pr_trigger_888,False,False,False,False,False,False,False,False,False,False,False,False,0,1.0
purchase_requisition:889:pr_trigger_889,False,False,False,False,False,False,False,False,False,False,False,False,0,1.0
purchase_requisition:88:pr_trigger_88,False,False,False,False,False,False,False,False,False,False,False,False,0,1.0
purchase_requisition:890:pr_trigger_890,False,False,False,False,False,False,False,False,False,False,False,False,0,1.0
purchase_requisition:891:pr_trigger_891,False,False,False,False,False,False,False,False,False,False,False,True,1,0.9565
purchase_requisition:892:pr_trigger_892,False,False,False,False,False,False,False,False,False,False,True,False,1,0.9524
purchase_requisition:893:pr_trigger_893,False,False,False,False,False,False,False,False,False,False,False,False,0,1.0
purchase_requisition:894:pr_trigger_894,False,False,False,False,False,False,False,False,False,False,False,True,1,0.8824
purchase_requisition:895:pr_trigger_895,False,False,False,False,False,False,False,False,False,False,True,False,1,0.9615
purchase_requisition:896:pr_trigger_896,False,False,False,False,False,False,False,False,False,False,False,False,0,1.0
purchase_requisition:897:pr_trigger_897,False,True,False,False,False,False,False,False,False,False,False,False,1,0.9048
purchase_requisition:898:pr_trigger_898,True,False,False,False,False,False,False,False,False,False,False,False,1,0.875
purchase_requisition:899:pr_trigger_899,False,True,False,False,False,False,False,False,False,False,False,False,1,0.8667
purchase_requisition:89:pr_trigger_89,False,True,False,False,False,False,False,False,False,False,False,False,1,0.8667
purchase_requisition:8:pr_trigger_8,True,False,False,False,False,False,False,False,False,False,False,False,1,0.9
purchase_requisition:900:pr_trigger_900,True,False,False,False,False,False,False,False,False,False,True,False,2,0.8824
purchase_requisition:901:pr_trigger_901,True,False,False,False,False,False,False,False,False,False,False,True,2,0.8235
purchase_requisition:902:pr_trigger_902,False,False,False,False,False,False,False,False,False,False,False,False,0,1.0
purchase_requisition:903:pr_trigger_903,False,False,False,False,False,False,False,False,False,False,False,False,0,1.0
purchase_requisition:904:pr_trigger_904,False,False,False,False,False,False,False,False,False,False,True,True,2,0.88
purchase_requisition:905:pr_trigger_905,False,False,False,False,False,False,False,False,False,False,True,True,2,0.9767
purchase_requisition:906:pr_trigger_906,False,True,False,False,False,False,False,False,False,False,False,True,2,0.7647
purchase_requisition:907:pr_trigger_907,False,False,False,False,False,False,False,False,False,False,True,False,1,0.9444
purchase_requisition:908:pr_trigger_908,False,False,False,False,False,False,False,False,False,False,False,False,0,1.0
purchase_requisition:909:pr_trigger_909,False,False,False,False,False,False,False,False,False,False,False,False,0,1.0
purchase_requisition:90:pr_trigger_90,False,True,False,False,False,False,False,False,False,False,False,False,1,0.9048
purchase_requisition:910:pr_trigger_910,True,False,False,False,False,False,False,False,False,False,True,False,2,0.925
purchase_requisition:911:pr_trigger_911,False,True,False,False,False,False,False,False,False,False,False,False,1,0.8667
purchase_requisition:912:pr_trigger_912,False,True,False,False,False,False,False,False,False,False,False,False,1,0.8889
purchase_requisition:913:pr_trigger_913,False,False,False,False,False,False,False,False,False,False,False,True,1,0.9375
purchase_requisition:914:pr_trigger_914,False,True,False,False,False,False,False,False,False,False,False,True,2,0.8125
purchase_requisition:915:pr_trigger_915,False,False,False,False,False,False,False,False,False,False,False,False,0,1.0
purchase_requisition:916:pr_trigger_916,False,False,False,False,False,False,False,False,False,False,False,False,0,1.0
purchase_requisition:917:pr_trigger_917,True,False,False,False,False,False,False,False,False,False,True,False,2,0.85
purchase_requisition:918:pr_trigger_918,True,False,False,False,False,False,False,False,False,False,False,False,1,0.9
purchase_requisition:919:pr_trigger_919,False,False,False,False,False,False,False,False,False,False,False,False,0,1.0
purchase_requisition:91:pr_trigger_91,False,True,False,False,False,False,False,False,False,False,False,False,1,0.8667
purchase_requisition:920:pr_trigger_920,False,False,False,False,False,False,False,False,False,False,False,False,0,1.0
purchase_requisition:921:pr_trigger_921,False,False,False,False,False,False,False,False,False,False,False,True,1,0.9688
purchase_requisition:922:pr_trigger_922,False,False,False,False,False,False,False,False,False,False,False,False,0,1.0
purchase_requisition:923:pr_trigger_923,False,False,False,False,False,False,False,False,False,False,False,False,0,1.0
purchase_requisition:924:pr_trigger_924,False,True,False,False,False,False,False,False,False,False,False,False,1,0.9091
purchase_requisition:925:pr_trigger_925,False,False,False,False,False,False,False,False,False,False,False,False,0,1.0
purchase_requisition:926:pr_trigger_926,False,False,False,False,False,False,False,False,False,False,False,False,0,1.0
purchase_requisition:92:pr_trigger_92,True,False,False,False,False,False,False,False,False,False,False,False,1,0.931
purchase_requisition:93:pr_trigger_93,True,False,False,False,False,False,False,False,False,False,False,True,2,0.7857
purchase_requisition:94:pr_trigger_94,False,False,False,False,False,False,False,False,False,False,False,False,0,1.0
purchase_requisition:95:pr_trigger_95,False,False,False,False,False,False,False,False,False,False,False,False,0,1.0
purchase_requisition:96:pr_trigger_96,True,False,False,False,False,False,False,False,False,False,True,True,3,0.8966
purchase_requisition:97:pr_trigger_97,True,False,False,False,False,False,False,False,False,False,False,True,2,0.7857
purchase_requisition:98:pr_trigger_98,False,False,False,False,False,False,False,False,False,False,False,True,1,0.9688
purchase_requisition:99:pr_trigger_99,False,False,False,False,False,False,False,False,False,False,True,False,1,0.9355
purchase_requisition:9:pr_trigger_9,False,True,False,False,False,False,False,False,False,False,False,False,1,0.8667
